/*
SQLyog Ultimate v11.26 (32 bit)
MySQL - 5.0.41-community-nt : Database - question_management
*********************************************************************
*/

/*!40101 SET NAMES utf8 */;

/*!40101 SET SQL_MODE=''*/;

/*!40014 SET @OLD_UNIQUE_CHECKS=@@UNIQUE_CHECKS, UNIQUE_CHECKS=0 */;
/*!40014 SET @OLD_FOREIGN_KEY_CHECKS=@@FOREIGN_KEY_CHECKS, FOREIGN_KEY_CHECKS=0 */;
/*!40101 SET @OLD_SQL_MODE=@@SQL_MODE, SQL_MODE='NO_AUTO_VALUE_ON_ZERO' */;
/*!40111 SET @OLD_SQL_NOTES=@@SQL_NOTES, SQL_NOTES=0 */;
CREATE DATABASE /*!32312 IF NOT EXISTS*/`question_management` /*!40100 DEFAULT CHARACTER SET utf8 COLLATE utf8_unicode_ci */;

USE `question_management`;

/*Table structure for table `tb_answer` */

DROP TABLE IF EXISTS `tb_answer`;

CREATE TABLE `tb_answer` (
  `pk_id` int(11) NOT NULL auto_increment COMMENT '答案表主键id',
  `idx_answerer_id` int(11) default NULL COMMENT '答题者id',
  `idx_paper_id` int(11) default NULL COMMENT '所答试卷id',
  `idx_question_id` int(11) default NULL COMMENT '所答试题id',
  `content` varchar(1000) collate utf8_unicode_ci default NULL COMMENT '所答题的答案',
  `score` int(4) default '0' COMMENT '该题所得分数',
  `options` varchar(20) collate utf8_unicode_ci default NULL COMMENT '记录该次考试单选题的选项顺序',
  `stage` varchar(20) collate utf8_unicode_ci default '未测评' COMMENT '该条答案所处阶段(未测评，待评分，已评分)',
  `start_time` datetime default NULL COMMENT '该场考试开始时间，用于实现考试倒计时',
  `status` varchar(20) collate utf8_unicode_ci default '正常' COMMENT '状态',
  `text` varchar(300) collate utf8_unicode_ci default NULL COMMENT '备注',
  PRIMARY KEY  (`pk_id`),
  KEY `idx_answerer_id` (`idx_answerer_id`),
  KEY `idx_paper_id` (`idx_paper_id`),
  KEY `idx_question_id` (`idx_question_id`)
) ENGINE=InnoDB DEFAULT CHARSET=utf8 COLLATE=utf8_unicode_ci;

/*Data for the table `tb_answer` */

insert  into `tb_answer`(`pk_id`,`idx_answerer_id`,`idx_paper_id`,`idx_question_id`,`content`,`score`,`options`,`stage`,`start_time`,`status`,`text`) values (1,3,11,285,'A',2,NULL,'已评分','2019-04-15 00:00:00','正常',NULL),(2,3,11,63,'B',0,'D, B, A, C','已评分','2019-04-15 00:00:00','正常',NULL),(3,3,11,364,'正确',2,NULL,'已评分','2019-04-15 00:00:00','正常',NULL),(4,3,11,365,'正确',2,NULL,'已评分','2019-04-15 00:00:00','正常',NULL),(5,3,11,408,'asdqfq',2,NULL,'已评分','2019-04-15 00:00:00','正常',NULL),(6,3,11,162,'D',0,'C, A, D, B','已评分','2019-04-15 00:00:00','正常',NULL),(7,3,11,678,'ytjtj',7,NULL,'已评分','2019-04-15 00:00:00','正常',NULL),(8,3,11,483,'qgefqwfd',2,NULL,'已评分','2019-04-15 00:00:00','正常',NULL),(9,3,11,254,'B',2,NULL,'已评分','2019-04-15 00:00:00','正常',NULL),(10,3,11,47,'A',2,'A, D, C, B','已评分','2019-04-15 00:00:00','正常',NULL),(11,3,11,561,'thhwqtr',5,NULL,'已评分','2019-04-15 00:00:00','正常',NULL),(12,3,11,833,'ytjuyzergzsd',7,NULL,'已评分','2019-04-15 00:00:00','正常',NULL),(13,3,11,381,'错误',0,NULL,'已评分','2019-04-15 00:00:00','正常',NULL),(14,3,11,130,'B',0,'C, D, B, A','已评分','2019-04-15 00:00:00','正常',NULL),(15,3,11,166,'C',0,'D, A, B, C','已评分','2019-04-15 00:00:00','正常',NULL),(16,3,11,426,'gqgwef',2,NULL,'已评分','2019-04-15 00:00:00','正常',NULL),(17,3,11,224,'A',0,NULL,'已评分','2019-04-15 00:00:00','正常',NULL),(18,3,11,242,'B',0,NULL,'已评分','2019-04-15 00:00:00','正常',NULL),(19,3,11,277,'C',0,NULL,'已评分','2019-04-15 00:00:00','正常',NULL),(20,3,11,489,'qrgtehtrh',2,NULL,'已评分','2019-04-15 00:00:00','正常',NULL),(21,3,11,89,'C',0,'A, C, B, D','已评分','2019-04-15 00:00:00','正常',NULL),(22,3,11,357,'错误',2,NULL,'已评分','2019-04-15 00:00:00','正常',NULL),(23,3,11,147,'A',0,'A, B, D, C','已评分','2019-04-15 00:00:00','正常',NULL),(24,3,11,477,'ytjewhqg',2,NULL,'已评分','2019-04-15 00:00:00','正常',NULL),(25,3,11,540,'yjaeqtg',4,NULL,'已评分','2019-04-15 00:00:00','正常',NULL),(26,3,11,347,'正确',2,NULL,'已评分','2019-04-15 00:00:00','正常',NULL),(27,3,11,145,'A',0,'D, A, C, B','已评分','2019-04-15 00:00:00','正常',NULL),(28,3,11,662,'jytjsgdzg',9,NULL,'已评分','2019-04-15 00:00:00','正常',NULL),(29,3,11,154,'D',0,'B, C, D, A','已评分','2019-04-15 00:00:00','正常',NULL),(30,3,11,205,'D',0,'D, A, C, B','已评分','2019-04-15 00:00:00','正常',NULL),(31,3,11,736,'jfstsh',6,NULL,'已评分','2019-04-15 00:00:00','正常',NULL),(32,3,11,751,'wertdg',8,NULL,'已评分','2019-04-15 00:00:00','正常',NULL),(129,3,12,271,'A,C',0,NULL,'已评分','2019-04-19 00:00:00','正常',NULL),(130,3,12,528,'weg',4,NULL,'已评分','2019-04-19 00:00:00','正常',NULL),(131,3,12,333,'正确',0,NULL,'已评分','2019-04-19 00:00:00','正常',NULL),(132,3,12,860,'reagarg',8,NULL,'已评分','2019-04-19 00:00:00','正常',NULL),(133,3,12,379,'正确',2,NULL,'已评分','2019-04-19 00:00:00','正常',NULL),(134,3,12,124,'C',0,'C, B, A, D','已评分','2019-04-19 00:00:00','正常',NULL),(135,3,12,161,'B',0,'D, B, C, A','已评分','2019-04-19 00:00:00','正常',NULL),(136,3,12,175,'D',0,'C, D, B, A','已评分','2019-04-19 00:00:00','正常',NULL),(137,3,12,255,'B,C',0,NULL,'已评分','2019-04-19 00:00:00','正常',NULL),(138,3,12,532,'grg',3,NULL,'已评分','2019-04-19 00:00:00','正常',NULL),(139,3,12,803,'GAGR',7,NULL,'已评分','2019-04-19 00:00:00','正常',NULL),(140,3,12,47,'C',0,'D, A, B, C','已评分','2019-04-19 00:00:00','正常',NULL),(141,3,12,51,'A',0,'B, D, A, C','已评分','2019-04-19 00:00:00','正常',NULL),(142,3,12,114,'D',0,'D, A, B, C','已评分','2019-04-19 00:00:00','正常',NULL),(143,3,12,411,'asd',2,NULL,'已评分','2019-04-19 00:00:00','正常',NULL),(144,3,12,275,'B,D',0,NULL,'已评分','2019-04-19 00:00:00','正常',NULL),(145,3,12,133,'A',0,'B, C, A, D','已评分','2019-04-19 00:00:00','正常',NULL),(146,3,12,134,'A',0,'C, D, B, A','已评分','2019-04-19 00:00:00','正常',NULL),(147,3,12,490,'qefgge',2,NULL,'已评分','2019-04-19 00:00:00','正常',NULL),(148,3,12,280,'C,D',0,NULL,'已评分','2019-04-19 00:00:00','正常',NULL),(149,3,12,402,'错误',2,NULL,'已评分','2019-04-19 00:00:00','正常',NULL),(150,3,12,403,'错误',0,NULL,'已评分','2019-04-19 00:00:00','正常',NULL),(151,3,12,148,'A',0,'B, A, C, D','已评分','2019-04-19 00:00:00','正常',NULL),(152,3,12,417,'gqf',1,NULL,'已评分','2019-04-19 00:00:00','正常',NULL),(153,3,12,674,'gwrg',8,NULL,'已评分','2019-04-19 00:00:00','正常',NULL),(154,3,12,434,'qeg',2,NULL,'已评分','2019-04-19 00:00:00','正常',NULL),(155,3,12,282,'A,D',0,NULL,'已评分','2019-04-19 00:00:00','正常',NULL),(156,3,12,796,'REAGARG',9,NULL,'已评分','2019-04-19 00:00:00','正常',NULL),(157,3,12,66,'D',0,'D, B, C, A','已评分','2019-04-19 00:00:00','正常',NULL),(158,3,12,406,'正确',0,NULL,'已评分','2019-04-19 00:00:00','正常',NULL),(159,3,12,421,'wegqeg',1,NULL,'已评分','2019-04-19 00:00:00','正常',NULL),(160,3,12,707,'wgwE',9,NULL,'已评分','2019-04-19 00:00:00','正常',NULL),(161,3,13,544,'asd',NULL,NULL,'待评分','2019-04-23 00:00:00','正常',NULL),(162,3,13,559,'asd',NULL,NULL,'待评分','2019-04-23 00:00:00','正常',NULL),(163,3,13,365,'正确',2,NULL,'待评分','2019-04-23 00:00:00','正常',NULL),(164,3,13,117,'A',NULL,'B, A, D, C','待评分','2019-04-23 00:00:00','正常',NULL),(165,3,13,394,'正确',2,NULL,'待评分','2019-04-23 00:00:00','正常',NULL),(166,3,13,438,'asd',NULL,NULL,'待评分','2019-04-23 00:00:00','正常',NULL),(167,3,13,738,'asd',NULL,NULL,'待评分','2019-04-23 00:00:00','正常',NULL),(168,3,13,255,'A,C',NULL,NULL,'待评分','2019-04-23 00:00:00','正常',NULL),(169,3,13,771,'asd',NULL,NULL,'待评分','2019-04-23 00:00:00','正常',NULL),(170,3,13,80,'A',NULL,'B, A, D, C','待评分','2019-04-23 00:00:00','正常',NULL),(171,3,13,876,'asd',NULL,NULL,'待评分','2019-04-23 00:00:00','正常',NULL),(172,3,13,381,'错误',NULL,NULL,'待评分','2019-04-23 00:00:00','正常',NULL),(173,3,13,127,'B',2,'B, D, C, A','待评分','2019-04-23 00:00:00','正常',NULL),(174,3,13,166,'B',NULL,'A, C, B, D','待评分','2019-04-23 00:00:00','正常',NULL),(175,3,13,442,'asd',NULL,NULL,'待评分','2019-04-23 00:00:00','正常',NULL),(176,3,13,471,'asd',NULL,NULL,'待评分','2019-04-23 00:00:00','正常',NULL),(177,3,13,261,'B,C',NULL,NULL,'待评分','2019-04-23 00:00:00','正常',NULL),(178,3,13,107,'C',NULL,'D, A, B, C','待评分','2019-04-23 00:00:00','正常',NULL),(179,3,13,108,'C',2,'C, B, A, D','待评分','2019-04-23 00:00:00','正常',NULL),(180,3,13,669,'asd',NULL,NULL,'待评分','2019-04-23 00:00:00','正常',NULL),(181,3,13,265,'A,B',NULL,NULL,'待评分','2019-04-23 00:00:00','正常',NULL),(182,3,13,295,'C,D',NULL,NULL,'待评分','2019-04-23 00:00:00','正常',NULL),(183,3,13,297,'A,B',NULL,NULL,'待评分','2019-04-23 00:00:00','正常',NULL),(184,3,13,101,'B',NULL,'D, B, A, C','待评分','2019-04-23 00:00:00','正常',NULL),(185,3,13,359,'错误',NULL,NULL,'待评分','2019-04-23 00:00:00','正常',NULL),(186,3,13,387,'正确',NULL,NULL,'待评分','2019-04-23 00:00:00','正常',NULL),(187,3,13,148,'D',NULL,'A, C, D, B','待评分','2019-04-23 00:00:00','正常',NULL),(188,3,13,672,'asd',NULL,NULL,'待评分','2019-04-23 00:00:00','正常',NULL),(189,3,13,433,'asd',NULL,NULL,'待评分','2019-04-23 00:00:00','正常',NULL),(190,3,13,478,'asd',NULL,NULL,'待评分','2019-04-23 00:00:00','正常',NULL),(191,3,13,91,'D',NULL,'B, A, C, D','待评分','2019-04-23 00:00:00','正常',NULL),(192,3,13,92,'C',NULL,'A, C, B, D','待评分','2019-04-23 00:00:00','正常',NULL),(193,3,18,783,'asd',0,NULL,'已评分','2019-05-08 00:00:00','正常',NULL),(194,3,18,287,'A,B',0,NULL,'已评分','2019-05-08 00:00:00','正常',NULL),(195,3,18,72,'D',0,'D, C, B, A','已评分','2019-05-08 00:00:00','正常',NULL),(196,3,18,119,'C',0,'B, C, A, D','已评分','2019-05-08 00:00:00','正常',NULL),(197,3,18,122,NULL,0,'C, D, A, B','已评分','2019-05-08 00:00:00','正常',NULL),(198,3,18,163,NULL,0,'B, A, D, C','已评分','2019-05-08 00:00:00','正常',NULL),(199,3,18,171,'A',2,'A, C, B, D','已评分','2019-05-08 00:00:00','正常',NULL),(200,3,18,258,'B,C',0,NULL,'已评分','2019-05-08 00:00:00','正常',NULL),(201,3,18,290,'C,D',2,NULL,'已评分','2019-05-08 00:00:00','正常',NULL),(202,3,18,546,'asd',0,NULL,'已评分','2019-05-08 00:00:00','正常',NULL),(203,3,18,80,NULL,0,'C, D, A, B','已评分','2019-05-08 00:00:00','正常',NULL),(204,3,18,352,'错误',2,NULL,'已评分','2019-05-08 00:00:00','正常',NULL),(205,3,18,876,'sadasd',0,NULL,'已评分','2019-05-08 00:00:00','正常',NULL),(206,3,18,114,NULL,0,'A, B, C, D','已评分','2019-05-08 00:00:00','正常',NULL),(207,3,18,128,NULL,0,'D, A, C, B','已评分','2019-05-08 00:00:00','正常',NULL),(208,3,18,397,'正确',0,NULL,'已评分','2019-05-08 00:00:00','正常',NULL),(209,3,18,682,'sad',0,NULL,'已评分','2019-05-08 00:00:00','正常',NULL),(210,3,18,441,'sadas',0,NULL,'已评分','2019-05-08 00:00:00','正常',NULL),(211,3,18,776,'',0,NULL,'已评分','2019-05-08 00:00:00','正常',NULL),(212,3,18,535,'',0,NULL,'已评分','2019-05-08 00:00:00','正常',NULL),(213,3,18,399,'错误',2,NULL,'已评分','2019-05-08 00:00:00','正常',NULL),(214,3,18,474,'',0,NULL,'已评分','2019-05-08 00:00:00','正常',NULL),(215,3,18,244,'C,D',0,NULL,'已评分','2019-05-08 00:00:00','正常',NULL),(216,3,18,265,'B,C',2,NULL,'已评分','2019-05-08 00:00:00','正常',NULL),(217,3,18,86,NULL,0,'A, B, D, C','已评分','2019-05-08 00:00:00','正常',NULL),(218,3,18,403,'错误',0,NULL,'已评分','2019-05-08 00:00:00','正常',NULL),(219,3,18,433,'',0,NULL,'已评分','2019-05-08 00:00:00','正常',NULL),(220,3,18,448,'',0,NULL,'已评分','2019-05-08 00:00:00','正常',NULL),(221,3,18,405,NULL,0,NULL,'已评分','2019-05-08 00:00:00','正常',NULL),(222,3,18,155,NULL,0,'D, C, B, A','已评分','2019-05-08 00:00:00','正常',NULL),(223,3,18,677,'asc',0,NULL,'已评分','2019-05-08 00:00:00','正常',NULL),(224,3,18,435,'asd',0,NULL,'已评分','2019-05-08 00:00:00','正常',NULL),(225,3,19,558,'',0,NULL,'已评分','2019-05-09 15:22:05','正常',NULL),(226,3,19,875,'',0,NULL,'已评分','2019-05-09 15:22:05','正常',NULL),(227,3,19,125,NULL,0,'D, C, A, B','已评分','2019-05-09 15:22:05','正常',NULL),(228,3,19,649,'',0,NULL,'已评分','2019-05-09 15:22:05','正常',NULL),(229,3,19,165,NULL,0,'D, A, C, B','已评分','2019-05-09 15:22:05','正常',NULL),(230,3,19,438,'',0,NULL,'已评分','2019-05-09 15:22:05','正常',NULL),(231,3,19,454,'',0,NULL,'已评分','2019-05-09 15:22:05','正常',NULL),(232,3,19,238,'',2,NULL,'已评分','2019-05-09 15:22:05','正常',NULL),(233,3,19,253,'',2,NULL,'已评分','2019-05-09 15:22:05','正常',NULL),(234,3,19,561,'',0,NULL,'已评分','2019-05-09 15:22:05','正常',NULL),(235,3,19,113,NULL,0,'B, A, C, D','已评分','2019-05-09 15:22:05','正常',NULL),(236,3,19,471,'',0,NULL,'已评分','2019-05-09 15:22:05','正常',NULL),(237,3,19,241,'',2,NULL,'已评分','2019-05-09 15:22:05','正常',NULL),(238,3,19,83,NULL,0,'C, A, D, B','已评分','2019-05-09 15:22:05','正常',NULL),(239,3,19,355,NULL,0,NULL,'已评分','2019-05-09 15:22:05','正常',NULL),(240,3,19,159,NULL,0,'A, C, D, B','已评分','2019-05-09 15:22:05','正常',NULL),(241,3,19,265,'',2,NULL,'已评分','2019-05-09 15:22:05','正常',NULL),(242,3,19,357,NULL,0,NULL,'已评分','2019-05-09 15:22:05','正常',NULL),(243,3,19,372,NULL,0,NULL,'已评分','2019-05-09 15:22:05','正常',NULL),(244,3,19,374,NULL,0,NULL,'已评分','2019-05-09 15:22:05','正常',NULL),(245,3,19,138,NULL,0,'A, D, C, B','已评分','2019-05-09 15:22:05','正常',NULL),(246,3,19,139,NULL,0,'A, D, B, C','已评分','2019-05-09 15:22:05','正常',NULL),(247,3,19,146,NULL,0,'C, A, D, B','已评分','2019-05-09 15:22:05','正常',NULL),(248,3,19,402,NULL,0,NULL,'已评分','2019-05-09 15:22:05','正常',NULL),(249,3,19,147,NULL,0,'A, B, C, D','已评分','2019-05-09 15:22:05','正常',NULL),(250,3,19,747,'',0,NULL,'已评分','2019-05-09 15:22:05','正常',NULL),(251,3,19,95,NULL,0,'B, A, D, C','已评分','2019-05-09 15:22:05','正常',NULL),(252,3,19,451,'',0,NULL,'已评分','2019-05-09 15:22:05','正常',NULL),(253,3,19,452,'',0,NULL,'已评分','2019-05-09 15:22:05','正常',NULL),(254,3,19,250,'',2,NULL,'已评分','2019-05-09 15:22:05','正常',NULL),(255,3,21,285,'A,B',NULL,NULL,'待评分','2019-05-15 15:35:35','正常',NULL),(256,3,21,559,'asd',NULL,NULL,'待评分','2019-05-15 15:35:35','正常',NULL),(257,3,21,573,'',NULL,NULL,'待评分','2019-05-15 15:35:35','正常',NULL),(258,3,21,74,'C',NULL,'B, C, A, D','待评分','2019-05-15 15:35:35','正常',NULL),(259,3,21,380,'错误',NULL,NULL,'待评分','2019-05-15 15:35:35','正常',NULL),(260,3,21,423,'asd',NULL,NULL,'待评分','2019-05-15 15:35:35','正常',NULL),(261,3,21,440,'',NULL,NULL,'待评分','2019-05-15 15:35:35','正常',NULL),(262,3,21,239,'',NULL,NULL,'待评分','2019-05-15 15:35:35','正常',NULL),(263,3,21,257,'',NULL,NULL,'待评分','2019-05-15 15:35:35','正常',NULL),(264,3,21,273,'',NULL,NULL,'待评分','2019-05-15 15:35:35','正常',NULL),(265,3,21,130,NULL,NULL,'C, D, A, B','待评分','2019-05-15 15:35:35','正常',NULL),(266,3,21,651,'sad',NULL,NULL,'待评分','2019-05-15 15:35:35','正常',NULL),(267,3,21,396,NULL,NULL,NULL,'待评分','2019-05-15 15:35:35','正常',NULL),(268,3,21,167,NULL,NULL,'A, C, D, B','待评分','2019-05-15 15:35:35','正常',NULL),(269,3,21,426,'',NULL,NULL,'待评分','2019-05-15 15:35:35','正常',NULL),(270,3,21,967,'',NULL,NULL,'待评分','2019-05-15 15:35:35','正常',NULL),(271,3,21,159,NULL,NULL,'C, A, B, D','待评分','2019-05-15 15:35:35','正常',NULL),(272,3,21,745,'sad',NULL,NULL,'待评分','2019-05-15 15:35:35','正常',NULL),(273,3,21,358,NULL,NULL,NULL,'待评分','2019-05-15 15:35:35','正常',NULL),(274,3,21,104,NULL,NULL,'C, B, A, D','待评分','2019-05-15 15:35:35','正常',NULL),(275,3,21,884,'sadas',NULL,NULL,'待评分','2019-05-15 15:35:35','正常',NULL),(276,3,21,146,NULL,NULL,'C, B, D, A','待评分','2019-05-15 15:35:35','正常',NULL),(277,3,21,150,NULL,NULL,'D, A, C, B','待评分','2019-05-15 15:35:35','正常',NULL),(278,3,21,478,'',NULL,NULL,'待评分','2019-05-15 15:35:35','正常',NULL),(279,3,21,99,NULL,NULL,'A, D, C, B','待评分','2019-05-15 15:35:35','正常',NULL),(280,3,21,100,NULL,NULL,'B, D, A, C','待评分','2019-05-15 15:35:35','正常',NULL),(281,3,21,376,NULL,NULL,NULL,'待评分','2019-05-15 15:35:35','正常',NULL),(282,3,21,377,NULL,NULL,NULL,'待评分','2019-05-15 15:35:35','正常',NULL),(283,3,21,153,NULL,NULL,'D, B, A, C','待评分','2019-05-15 15:35:35','正常',NULL),(284,3,21,435,'',NULL,NULL,'待评分','2019-05-15 15:35:35','正常',NULL),(317,3,24,875,'',5,NULL,'已评分','2019-06-01 14:18:29','正常',NULL),(318,3,24,423,'',2,NULL,'已评分','2019-06-01 14:18:29','正常',NULL),(319,3,24,171,'D',0,'D, A, B, C','已评分','2019-06-01 14:18:29','正常',NULL),(320,3,24,440,'',2,NULL,'已评分','2019-06-01 14:18:29','正常',NULL),(321,3,24,255,'A,B',0,NULL,'已评分','2019-06-01 14:18:29','正常',NULL),(322,3,24,533,'asd',5,NULL,'已评分','2019-06-01 14:18:29','正常',NULL),(323,3,24,352,NULL,0,NULL,'已评分','2019-06-01 14:18:29','正常',NULL),(324,3,24,115,'B',0,'B, A, D, C','已评分','2019-06-01 14:18:29','正常',NULL),(325,3,24,129,NULL,0,'A, B, D, C','已评分','2019-06-01 14:18:29','正常',NULL),(326,3,24,130,NULL,0,'D, B, C, A','已评分','2019-06-01 14:18:29','正常',NULL),(327,3,24,168,NULL,0,'B, A, D, C','已评分','2019-06-01 14:18:29','正常',NULL),(328,3,24,441,'',2,NULL,'已评分','2019-06-01 14:18:29','正常',NULL),(329,3,24,443,'',2,NULL,'已评分','2019-06-01 14:18:29','正常',NULL),(330,3,24,967,'',0,NULL,'已评分','2019-06-01 14:18:29','正常',NULL),(331,3,24,241,'',0,NULL,'已评分','2019-06-01 14:18:29','正常',NULL),(332,3,24,109,NULL,0,'B, A, C, D','已评分','2019-06-01 14:18:29','正常',NULL),(333,3,24,671,'',5,NULL,'已评分','2019-06-01 14:18:29','正常',NULL),(334,3,24,569,'',5,NULL,'已评分','2019-06-01 14:18:29','正常',NULL),(335,3,24,87,NULL,0,'C, B, D, A','已评分','2019-06-01 14:18:29','正常',NULL),(336,3,24,102,NULL,0,'C, D, B, A','已评分','2019-06-01 14:18:29','正常',NULL),(337,3,24,374,NULL,0,NULL,'已评分','2019-06-01 14:18:29','正常',NULL),(338,3,24,140,NULL,0,'A, D, C, B','已评分','2019-06-01 14:18:29','正常',NULL),(339,3,24,403,NULL,0,NULL,'已评分','2019-06-01 14:18:29','正常',NULL),(340,3,24,448,'',2,NULL,'已评分','2019-06-01 14:18:29','正常',NULL),(341,3,24,268,'',0,NULL,'已评分','2019-06-01 14:18:29','正常',NULL),(342,3,24,298,'',0,NULL,'已评分','2019-06-01 14:18:29','正常',NULL),(343,3,24,92,NULL,0,'B, A, C, D','已评分','2019-06-01 14:18:29','正常',NULL),(344,3,24,376,NULL,0,NULL,'已评分','2019-06-01 14:18:29','正常',NULL),(345,3,24,406,NULL,0,NULL,'已评分','2019-06-01 14:18:29','正常',NULL),(346,3,24,766,'',5,NULL,'已评分','2019-06-01 14:18:29','正常',NULL);

/*Table structure for table `tb_authority` */

DROP TABLE IF EXISTS `tb_authority`;

CREATE TABLE `tb_authority` (
  `pk_id` int(11) NOT NULL auto_increment COMMENT '权限表主键id',
  `idx_name` varchar(20) collate utf8_unicode_ci default NULL COMMENT '权限名称',
  `parent_id` int(4) default NULL COMMENT '权限父节点',
  `url` varchar(50) collate utf8_unicode_ci default NULL COMMENT '权限对应菜单地址',
  `description` varchar(100) collate utf8_unicode_ci default NULL COMMENT '权限描述',
  `status` varchar(20) collate utf8_unicode_ci default '正常' COMMENT '权限状态',
  `text` varchar(300) collate utf8_unicode_ci default NULL COMMENT '权限备注',
  PRIMARY KEY  (`pk_id`),
  KEY `idx_name` (`idx_name`)
) ENGINE=InnoDB DEFAULT CHARSET=utf8 COLLATE=utf8_unicode_ci;

/*Data for the table `tb_authority` */

insert  into `tb_authority`(`pk_id`,`idx_name`,`parent_id`,`url`,`description`,`status`,`text`) values (1,'试题类型信息',-1,'/questionTypeMana','试题类型管理有关权限','正常',NULL),(2,'学科管理',-1,'/subjectMana','学科管理有关权限','正常',NULL),(3,'试题管理',-1,'/#','试题管理有关权限','正常',NULL),(4,'信息管理',3,'/questionMana','试题管理有关权限','正常',NULL),(5,'批量导入试题',3,'/batchImport','批量导入试题有关权限','正常',NULL),(6,'组卷管理',-1,'/#','组卷管理有关权限','正常',NULL),(7,'自动组卷',6,'/paperMana/subjInfo','为学科组卷权限','正常',NULL),(8,'试卷信息管理',6,'/paperMana/infoMana','组卷信息管理权限','正常',NULL),(9,'测试管理',6,'/paperMana/inviteMana','教师获取试卷邀请码，开启测试相关权限','正常',NULL),(10,'在线批改试卷',6,'/paperMana/onlineMarking','教师在线批改试卷权限','正常',NULL),(11,'学生测试',-1,'/#','学生测试管理有关权限','正常',NULL),(12,'在线测试',11,'/stuTest/onlineTest','学生在线考试权限','正常',NULL),(13,'成绩评估',11,'/stuTest/gradeEval','学生成绩评估权限','正常',NULL),(14,'用户管理',-1,'/#','用户管理有关权限','正常',NULL),(15,'信息管理',14,'/userMana/infoMana','用户信息管理权限','正常',NULL),(16,'权限分配',14,'/userMana/rolesInfo','用户权限分配权限','正常',NULL),(17,'批量导入用户',14,'/userMana/batchImport','批量导入用户有关权限','正常',NULL),(18,'系统管理',-1,'/#','系统管理有关权限','正常',NULL),(19,'直接执行SQL',18,'/systemMana/runSQL','系统直接执行SQL权限','正常',NULL),(20,'更多',18,'/systemMana/andMore','系统未开发权限','正常',NULL);

/*Table structure for table `tb_paper` */

DROP TABLE IF EXISTS `tb_paper`;

CREATE TABLE `tb_paper` (
  `pk_id` int(11) NOT NULL auto_increment COMMENT '试卷表主键id',
  `idx_name` varchar(50) collate utf8_unicode_ci default NULL COMMENT '试卷名称',
  `content` varchar(500) collate utf8_unicode_ci default NULL COMMENT '试卷所包含试题id,以“,”隔开',
  `idx_creator_id` int(11) default NULL COMMENT '试卷创建者id',
  `idx_subject_id` int(11) default NULL COMMENT '试卷所属学科id',
  `exam_time` int(11) default NULL COMMENT '试卷考试时间（分）',
  `create_time` date default NULL COMMENT '试卷创建时间',
  `update_time` date default NULL COMMENT '试卷更新时间',
  `chapter_start` int(11) default NULL COMMENT '试卷章节开始',
  `chapter_end` int(11) default NULL COMMENT '试卷章节结束',
  `total_score` int(11) default NULL COMMENT '试卷总分',
  `difficulty` int(11) default NULL COMMENT '试卷难度系数',
  `start_time` datetime default NULL COMMENT '试卷考试时间段开始',
  `end_time` datetime default NULL COMMENT '试卷考试时间段结束',
  `invite_code` varchar(10) collate utf8_unicode_ci default '' COMMENT '试卷邀请码，用于学生寻找试卷',
  `status` varchar(20) collate utf8_unicode_ci default '正常' COMMENT '试卷状态',
  `text` varchar(300) collate utf8_unicode_ci default NULL COMMENT '试卷备注',
  PRIMARY KEY  (`pk_id`),
  KEY `idx_creator_id` (`idx_creator_id`),
  KEY `idx_subject_id` (`idx_subject_id`),
  KEY `idx_name` (`idx_name`)
) ENGINE=InnoDB DEFAULT CHARSET=utf8 COLLATE=utf8_unicode_ci;

/*Data for the table `tb_paper` */

insert  into `tb_paper`(`pk_id`,`idx_name`,`content`,`idx_creator_id`,`idx_subject_id`,`exam_time`,`create_time`,`update_time`,`chapter_start`,`chapter_end`,`total_score`,`difficulty`,`start_time`,`end_time`,`invite_code`,`status`,`text`) values (11,'英语试卷二','47,89,166,147,154,130,145,205,63,162,277,285,242,254,224,357,364,365,381,347,489,477,426,483,408,561,540,662,678,751,736,833',2,1,120,'2019-04-14','2019-04-14',2,5,120,2,'2019-05-09 05:00:00','2019-05-09 09:00:00','YLZHD9','正常',''),(12,'英语试卷四','47,114,161,134,124,51,148,66,175,133,280,271,255,282,275,406,379,402,333,403,417,434,421,411,490,532,528,674,707,796,803,860',2,1,120,'2019-04-14','2019-04-14',2,5,120,2,'2019-05-09 05:00:00','2019-05-09 09:00:00','90TEC2','正常',''),(13,'英语试卷四','117,91,148,101,80,166,92,127,107,108,295,255,261,297,265,394,381,365,359,387,478,442,438,433,471,544,559,672,669,738,771,876',2,1,120,'2019-04-15','2019-04-15',2,5,120,2,'2019-05-09 05:00:00','2019-05-09 09:00:00','09BFN5','正常',''),(14,'英语试卷五','156,88,125,158,132,47,79,127,108,155,292,261,260,268,285,404,378,389,374,362,481,428,463,471,436,570,551,646,668,747,776,876',2,1,120,'2019-04-20','2019-04-20',2,5,120,3,'2019-05-09 05:00:00','2019-05-09 09:00:00','QSCKQ9','正常',''),(15,'英语试卷六','170,74,126,89,127,144,167,82,165,103,270,287,267,299,251,350,348,357,356,363,452,481,453,467,449,561,547,679,640,789,747,887',2,1,120,'2019-04-20','2019-04-20',2,5,120,3,'2019-05-09 11:00:00','2019-05-09 14:00:00','5DTDZ1','正常',''),(16,'英语试卷七','133,78,136,134,153,131,128,107,102,158,277,247,272,279,259,390,377,349,333,398,434,432,482,461,447,555,571,655,686,747,766,853',2,1,120,'2019-04-20','2019-04-20',2,5,120,3,'2019-05-09 05:00:00','2019-05-09 09:00:00',NULL,'正常',''),(17,'英语试卷八','97,89,101,117,965,966,78,123,90,142,259,269,275,247,300,384,400,352,371,362,428,476,465,474,442,528,567,664,739,863',2,1,100,'2019-04-23','2019-04-23',2,5,100,2,'2019-05-09 05:00:00','2019-05-09 09:00:00',NULL,'正常',''),(18,'英语试卷八','155,128,171,122,80,72,86,163,114,119,244,265,290,258,287,352,399,397,403,405,441,433,435,474,448,535,546,682,677,776,783,876',2,1,100,'2019-05-08','2019-05-08',2,5,120,2,'2019-05-09 05:00:00','2019-05-09 09:00:00','VNTGG0','正常',''),(19,'英语试卷十','113,159,138,165,147,139,125,83,146,95,238,265,250,253,241,402,374,357,355,372,452,438,451,471,454,561,558,649,747,875',2,1,100,'2019-05-09','2019-05-09',2,5,100,2,'2019-05-09 13:00:00','2019-05-09 16:00:00','WRQBQ0','正常',''),(20,'英语试卷十一','204,129,189,91,203,116,113,179,98,131,303,282,299,248,306,365,350,360,387,361,489,493,474,434,462,560,574,685,799,868',2,1,100,'2019-05-13','2019-05-13',2,6,100,2,'2019-05-15 15:00:00','2019-05-15 17:00:00','YUBQX5','正常',''),(21,'英语试卷十三','159,153,150,167,146,130,74,100,104,99,285,239,967,257,273,377,380,358,376,396,478,423,426,435,440,559,573,651,745,884',2,1,100,'2019-05-15','2019-05-15',2,5,100,2,'2019-05-15 15:00:00','2019-05-15 17:00:00','YUBQX5','正常',''),(22,'英语试卷十四','96,79,115,91,102,154,966,146,81,111,267,292,246,283,271,380,381,363,360,399,468,469,462,465,457,537,568,669,746,859',2,1,100,'2019-06-01','2019-06-01',2,5,100,3,'2019-06-01 10:00:00','2019-06-01 12:00:00','dfBwx0','正常',''),(23,'英语试卷十五','84,163,171,112,80,81,101,111,103,89,297,291,244,299,278,353,383,362,367,376,478,440,479,439,434,555,566,685,679,777,763,873',2,1,100,'2019-06-01','2019-06-01',2,5,120,2,'2019-06-01 13:00:00','2019-06-01 15:00:00','3vK9Z7','正常',''),(24,'英语试卷十六','102,129,87,130,168,92,109,140,115,171,268,255,298,967,241,406,376,374,352,403,448,440,423,443,441,569,533,671,766,875',2,1,100,'2019-06-01','2019-06-01',2,5,100,2,'2019-06-01 13:00:00','2019-06-01 15:00:00','vmHBD4','正常','');

/*Table structure for table `tb_question` */

DROP TABLE IF EXISTS `tb_question`;

CREATE TABLE `tb_question` (
  `pk_id` int(11) NOT NULL auto_increment COMMENT '试题表主键id',
  `content` varchar(500) collate utf8_unicode_ci default NULL COMMENT '试题内容',
  `option_a` varchar(100) collate utf8_unicode_ci default NULL COMMENT '选项A（若不是选择题则为空）',
  `option_b` varchar(100) collate utf8_unicode_ci default NULL COMMENT '选项B（若不是选择题则为空）',
  `option_c` varchar(100) collate utf8_unicode_ci default NULL COMMENT '选项C（若不是选择题则为空）',
  `option_d` varchar(100) collate utf8_unicode_ci default NULL COMMENT '选项D（若不是选择题则为空）',
  `image` varchar(300) collate utf8_unicode_ci default NULL COMMENT '试题图片（多个以逗号分隔）',
  `answer` varchar(500) collate utf8_unicode_ci default NULL COMMENT '试题答案',
  `score` int(4) default NULL COMMENT '试题分值',
  `idx_type_id` int(11) default NULL COMMENT '所属题型id',
  `idx_subject_id` int(11) default NULL COMMENT '所属学科id',
  `idx_creator_id` int(11) default NULL COMMENT '试题创建者id',
  `difficulty` int(4) default NULL COMMENT '难度系数',
  `chapter` int(4) default NULL COMMENT '所属章节',
  `create_time` date default NULL COMMENT '试题创建时间',
  `update_time` date default NULL COMMENT '试题更新时间',
  `status` varchar(20) collate utf8_unicode_ci default '正常' COMMENT '试题状态',
  `text` varchar(300) collate utf8_unicode_ci default NULL COMMENT '试题备注',
  PRIMARY KEY  (`pk_id`),
  KEY `idx_type_id` (`idx_type_id`),
  KEY `idx_creator_id` (`idx_creator_id`)
) ENGINE=InnoDB DEFAULT CHARSET=utf8 COLLATE=utf8_unicode_ci;

/*Data for the table `tb_question` */

insert  into `tb_question`(`pk_id`,`content`,`option_a`,`option_b`,`option_c`,`option_d`,`image`,`answer`,`score`,`idx_type_id`,`idx_subject_id`,`idx_creator_id`,`difficulty`,`chapter`,`create_time`,`update_time`,`status`,`text`) values (47,'题目1','asdq','wgw','sfwag','safergrg',NULL,'A',2,1,1,2,2,1,'2019-04-14','2019-04-14','正常',''),(48,'题目2','wqgfwrg','gwrerg','thgweg','asdqf',NULL,'B',2,1,1,2,2,1,'2019-04-14','2019-04-14','正常',''),(49,'题目3','asdq','weaf','wagfwg','wfeqw',NULL,'C',2,1,1,2,3,1,'2019-04-14','2019-04-14','正常',''),(50,'题目4','asdad','qfeg','grwgrwg','qqwe',NULL,'B',2,1,1,2,2,1,'2019-04-14','2019-04-14','正常',''),(51,'题目5','qrwqr','asdqf','weqf','wgfqg',NULL,'C',2,1,1,2,2,1,'2019-04-14','2019-04-14','正常',''),(52,'题目7','adq','gwg','egrgwe','qewet',NULL,'B',2,1,1,2,2,1,'2019-04-14','2019-04-14','正常',''),(53,'题目8','sfqwf','gerg','rhtw','qwfwr',NULL,'B',2,1,1,2,3,1,'2019-04-14','2019-04-14','正常',''),(54,'题目9','fwegwa','egheg','wt','ewrWF',NULL,'B',2,1,1,2,3,1,'2019-04-14','2019-04-14','正常',''),(55,'题目10','fwag','ehtwrth','wrqwt','qt',NULL,'D',2,1,1,2,3,1,'2019-04-14','2019-04-14','正常',''),(56,'题目11','adw','geg','qwertwet','wfwqg',NULL,'B',2,1,1,2,4,1,'2019-04-14','2019-04-14','正常',''),(57,'题目12','ergeg','thwtg','rhtwt','qwer',NULL,'B',2,1,1,2,1,1,'2019-04-14','2019-04-14','正常',''),(58,'题目13','fwef','gergtg','fqwef','hgtrgh',NULL,'D',2,1,1,2,4,1,'2019-04-14','2019-04-14','正常',''),(59,'题目14','qrfw','egheh','qwef','qwggw',NULL,'A',2,1,1,2,4,1,'2019-04-14','2019-04-14','正常',''),(60,'题目15','wefgr','ethwth','qwerg','qwtgewth',NULL,'C',2,1,1,2,4,1,'2019-04-14','2019-04-14','正常',''),(61,'题目16','fwgf','qwgerg','wqeteg','wqetger',NULL,'A',2,1,1,2,1,1,'2019-04-14','2019-04-14','正常',''),(62,'题目17','wefwqef','wgerg','etgtr','jytruj',NULL,'D',2,1,1,2,1,1,'2019-04-14','2019-04-14','正常',''),(63,'题目18','wgewg','hwttr','wqrwqr','ukutk',NULL,'A',2,1,1,2,1,1,'2019-04-14','2019-04-14','正常',''),(64,'题目19','fwaf','egrg','wqef','grr',NULL,'A',2,1,1,2,1,1,'2019-04-14','2019-04-14','正常',''),(65,'题目20','gwfeg','wegeq','gqwef','wqefwf',NULL,'B',2,1,1,2,1,1,'2019-04-14','2019-04-14','正常',''),(66,'题目21','sfwag','aegreg','ehrqa','wfearg',NULL,'B',2,1,1,2,5,1,'2019-04-14','2019-04-14','正常',''),(67,'题目22','ehgweh','rhtwh','jtuj','etrq',NULL,'A',2,1,1,2,5,1,'2019-04-14','2019-04-14','正常',''),(68,'题目23','wrqt','htrrht','hyehq','wcev',NULL,'A',2,1,1,2,5,1,'2019-04-14','2019-04-14','正常',''),(69,'题目24','ergh','ytej','uki','aerg',NULL,'B',2,1,1,2,5,1,'2019-04-14','2019-04-14','正常',''),(70,'题目25','afj','ukrk','qerg','dfba',NULL,'D',2,1,1,2,5,1,'2019-04-14','2019-04-14','正常',''),(71,'题目26','qhwrht','tyjah','agrea','syjzf',NULL,'C',2,1,1,2,1,2,'2019-04-14','2019-04-14','正常',''),(72,'题目27','sag','yjetyj','jurk','tq',NULL,'C',2,1,1,2,1,2,'2019-04-14','2019-04-14','正常',''),(73,'题目28','ehwjh','qtqy','yjrjk','aetgwh',NULL,'A',2,1,1,2,1,2,'2019-04-14','2019-04-14','正常',''),(74,'题目29','gwaerg','qehahj','uykr','3tqtre',NULL,'B',2,1,1,2,1,2,'2019-04-14','2019-04-14','正常',''),(75,'题目30','4wyu5u','6kk','j5je5','ukjr6uesg',NULL,'D',2,1,1,2,1,2,'2019-04-14','2019-04-14','正常',''),(76,'题目31','feqrgqh','wrht','etj','qtrqet',NULL,'B',2,1,1,2,2,2,'2019-04-14','2019-04-14','正常',''),(77,'题目32','gwerg','rhth','juj','uoly',NULL,'D',2,1,1,2,2,2,'2019-04-14','2019-04-14','正常',''),(78,'题目33','rw5gtwh','yukryja','aerga','gaehth',NULL,'C',2,1,1,2,2,2,'2019-04-14','2019-04-14','正常',''),(79,'题目34','fweag','ehwth','whtq','avgerag',NULL,'B',2,1,1,2,2,2,'2019-04-14','2019-04-14','正常',''),(80,'题目35','eg','whtw','SFD','baegae',NULL,'B',2,1,1,2,2,2,'2019-04-14','2019-04-14','正常',''),(81,'题目36','efqgr','ehgq','wefehg','rth',NULL,'A',2,1,1,2,3,2,'2019-04-14','2019-04-14','正常',''),(82,'题目37','wfw','greg','rehre','hqtgte',NULL,'C',2,1,1,2,3,2,'2019-04-14','2019-04-14','正常',''),(83,'题目38','wef','ehgwr','thr','hwrf',NULL,'A',2,1,1,2,3,2,'2019-04-14','2019-04-14','正常',''),(84,'题目39','ehrw','hwrh','wrh','qer',NULL,'C',2,1,1,2,3,2,'2019-04-14','2019-04-14','正常',''),(85,'题目40','egeg','qhe','qreg','qgrg',NULL,'D',2,1,1,2,3,2,'2019-04-14','2019-04-14','正常',''),(86,'题目41','asdq','wgw','sfwag','safergrg',NULL,'A',2,1,1,2,4,2,'2019-04-14','2019-04-14','正常',''),(87,'题目42','wqgfwrg','gwrerg','thgweg','asdqf',NULL,'B',2,1,1,2,4,2,'2019-04-14','2019-04-14','正常',''),(88,'题目43','asdq','weaf','wagfwg','wfeqw',NULL,'C',2,1,1,2,4,2,'2019-04-14','2019-04-14','正常',''),(89,'题目44','asdad','qfeg','grwgrwg','qqwe',NULL,'B',2,1,1,2,4,2,'2019-04-14','2019-04-14','正常',''),(90,'题目45','qrwqr','asdqf','weqf','wgfqg',NULL,'C',2,1,1,2,4,2,'2019-04-14','2019-04-14','正常',''),(91,'题目46','asdq','w2gw','sfwag','safergrg',NULL,'A',2,1,1,2,5,2,'2019-04-14','2019-04-14','正常',''),(92,'题目47','wqgfwrg','gw3rerg','thgdweg','asdqf',NULL,'B',2,1,1,2,5,2,'2019-04-14','2019-04-14','正常',''),(93,'题目48','asdq','weaf','wagfwg','wfesqw',NULL,'C',2,1,1,2,5,2,'2019-04-14','2019-04-14','正常',''),(94,'题目49','asdad','qafeg','grwgrwg','qqwe',NULL,'B',2,1,1,2,5,2,'2019-04-14','2019-04-14','正常',''),(95,'题目50','qrswqr','asdqf','weqf','wgfqg',NULL,'C',2,1,1,2,5,2,'2019-04-14','2019-04-14','正常',''),(96,'题目51','asdq','w2gw','sfwag','safergrg',NULL,'A',2,1,1,2,5,3,'2019-04-14','2019-04-14','正常',''),(97,'题目52','wqgfwrg','gw3rerg','thgdweg','asdqf',NULL,'B',2,1,1,2,5,3,'2019-04-14','2019-04-14','正常',''),(98,'题目53','asdq','weaf','wagfwg','wfesqw',NULL,'C',2,1,1,2,5,3,'2019-04-14','2019-04-14','正常',''),(99,'题目54','asdad','qafeg','grwgrwg','qqwe',NULL,'B',2,1,1,2,5,3,'2019-04-14','2019-04-14','正常',''),(100,'题目55','qrswqr','asdqf','weqf','wgfqg',NULL,'C',2,1,1,2,5,3,'2019-04-14','2019-04-14','正常',''),(101,'题目55','asdq','w2gw','sfwag','safergrg',NULL,'A',2,1,1,2,4,3,'2019-04-14','2019-04-14','正常',''),(102,'题目57','wqgfwrg','gw3rerg','thgdweg','asdqf',NULL,'B',2,1,1,2,4,3,'2019-04-14','2019-04-14','正常',''),(103,'题目58','aswdq','weaf','wagfwg','wfesqw',NULL,'C',2,1,1,2,4,3,'2019-04-14','2019-04-14','正常',''),(104,'题目59','asdsad','qadfeg','grwg2rwg','qqwe',NULL,'B',2,1,1,2,4,3,'2019-04-14','2019-04-14','正常',''),(105,'题目60','qrswqr','asdzqf','weqf','wgfqg',NULL,'C',2,1,1,2,4,3,'2019-04-14','2019-04-14','正常',''),(106,'题目61','asdq','w2gw','sfwag','safergrg',NULL,'A',2,1,1,2,3,3,'2019-04-14','2019-04-14','正常',''),(107,'题目62','wqgfwrg','gw3erg','thgdweg','asdqf',NULL,'B',2,1,1,2,3,3,'2019-04-14','2019-04-14','正常',''),(108,'题目63','aswq','weaf','wagfwg','wfsqw',NULL,'C',2,1,1,2,3,3,'2019-04-14','2019-04-14','正常',''),(109,'题目64','asdad','qafeg','grwg2rwg','qqwe',NULL,'B',2,1,1,2,3,3,'2019-04-14','2019-04-14','正常',''),(110,'题目65','qrsqr','asdzqf','weqf','wgfqg',NULL,'C',2,1,1,2,3,3,'2019-04-14','2019-04-14','正常',''),(111,'题目66','asdq','w2gw','sfwag','safergrg',NULL,'A',2,1,1,2,2,3,'2019-04-14','2019-04-14','正常',''),(112,'题目67','wqgfwrg','gw3dwerg','thgdweg','asdqf',NULL,'B',2,1,1,2,2,3,'2019-04-14','2019-04-14','正常',''),(113,'题目68','aswq','weaf','wagafwg','wfsqw',NULL,'C',2,1,1,2,2,3,'2019-04-14','2019-04-14','正常',''),(114,'题目69','asdqwad','qafeg','grwqdg2rwg','qqwe',NULL,'B',2,1,1,2,2,3,'2019-04-14','2019-04-14','正常',''),(115,'题目70','qradsqr','asdzqf','weqf','wgfqg',NULL,'C',2,1,1,2,2,3,'2019-04-14','2019-04-14','正常',''),(116,'题目71','asdq','w2gw','sfwsaag','safqdrgrg',NULL,'A',2,1,1,2,1,3,'2019-04-14','2019-04-14','正常',''),(117,'题目72','wqgfwrg','gw3dwasderg','thadgdweg','asdqf',NULL,'B',2,1,1,2,1,3,'2019-04-14','2019-04-14','正常',''),(118,'题目73','aswq','weasdaaf','wagafwg','wfsqw',NULL,'C',2,1,1,2,1,3,'2019-04-14','2019-04-14','正常',''),(119,'题目74','asdqwad','qaqwdfeg','grwqdg2rwg','qqwe',NULL,'B',2,1,1,2,1,3,'2019-04-14','2019-04-14','正常',''),(120,'题目75','qradsqr','asdadzqf','weqqwdwqf','wgfqg',NULL,'C',2,1,1,2,1,3,'2019-04-14','2019-04-14','正常',''),(121,'题目76','asdq','w2gw','sfwsaag','safqdrgrg',NULL,'A',2,1,1,2,1,4,'2019-04-14','2019-04-14','正常',''),(122,'题目77','wqg12fwrg','gw3dwasderg','thadgdweg','asdqf',NULL,'B',2,1,1,2,1,4,'2019-04-14','2019-04-14','正常',''),(123,'题目78','aswwqer123rq','weasdaaf','wagafwg','wfsqw',NULL,'C',2,1,1,2,1,4,'2019-04-14','2019-04-14','正常',''),(124,'题目79','asdqwad','qaqwdfeg','grwqdg2rwg','qqwe',NULL,'B',2,1,1,2,1,4,'2019-04-14','2019-04-14','正常',''),(125,'题目80','qradsqr','asdafqewfdzqf','weqqwdwqf','wgfqg',NULL,'C',2,1,1,2,1,4,'2019-04-14','2019-04-14','正常',''),(126,'题目81','asdq','w2g123w','sfwsaag','safqdrgrg',NULL,'A',2,1,1,2,2,4,'2019-04-14','2019-04-14','正常',''),(127,'题目82','wqgfwrg','gw3dwasderg','thadgdweg','asdqf',NULL,'B',2,1,1,2,2,4,'2019-04-14','2019-04-14','正常',''),(128,'题目83','aswq','weas23daaf','wag12dafwg','wfsqw',NULL,'C',2,1,1,2,2,4,'2019-04-14','2019-04-14','正常',''),(129,'题目84','asdqwad','qaqwwgrwdfeg','grwqdg2rwg','qqwe',NULL,'B',2,1,1,2,2,4,'2019-04-14','2019-04-14','正常',''),(130,'题目85','qradsqr','asd2radzqf','weqqwdwqf','wgfqg',NULL,'C',2,1,1,2,2,4,'2019-04-14','2019-04-14','正常',''),(131,'题目86','asdq','w2gw','sfwsaag','safqdrgrg',NULL,'A',2,1,1,2,3,4,'2019-04-14','2019-04-14','正常',''),(132,'题目87','wqg12fwrg','gw3dwasderg','thadgdweg','asdqf',NULL,'B',2,1,1,2,3,4,'2019-04-14','2019-04-14','正常',''),(133,'题目88','aswwqer123rq','weasdaaf','wagafwg','wfsqw',NULL,'C',2,1,1,2,3,4,'2019-04-14','2019-04-14','正常',''),(134,'题目89','asdqwad','qaqwdfeg','grwqdg2rwg','qqwe',NULL,'B',2,1,1,2,3,4,'2019-04-14','2019-04-14','正常',''),(135,'题目90','qradsqr','asdafqewfdzqf','weqqwdwqf','wgfqg',NULL,'C',2,1,1,2,3,4,'2019-04-14','2019-04-14','正常',''),(136,'题目91','asdq','w2g123w','sfwsaag','safqdrgrg',NULL,'A',2,1,1,2,4,4,'2019-04-14','2019-04-14','正常',''),(137,'题目92','wqgfwrg','gw3dwasderg','thadgdweg','asdqf',NULL,'B',2,1,1,2,4,4,'2019-04-14','2019-04-14','正常',''),(138,'题目93','aswq','weas23daaf','wag12dafwg','wfsqw',NULL,'C',2,1,1,2,4,4,'2019-04-14','2019-04-14','正常',''),(139,'题目94','asdqwad','qaqwwgrwdfeg','grwqdg2rwg','qqwe',NULL,'B',2,1,1,2,4,4,'2019-04-14','2019-04-14','正常',''),(140,'题目95','qradsqr','asd2radzqf','weqqwdwqf','wgfqg',NULL,'C',2,1,1,2,4,4,'2019-04-14','2019-04-14','正常',''),(141,'题目96','asdq','w2gw','sfwsaag','safqdrgrg',NULL,'A',2,1,1,2,5,4,'2019-04-14','2019-04-14','正常',''),(142,'题目97','wqg12fwrg','gw3dwasderg','thadgdweg','asdqf',NULL,'B',2,1,1,2,5,4,'2019-04-14','2019-04-14','正常',''),(143,'题目98','aswwqer123rq','weasdaaf','wagafwg','wfsqw',NULL,'C',2,1,1,2,5,4,'2019-04-14','2019-04-14','正常',''),(144,'题目99','asdqwad','qaqwdfeg','grwqdg2rwg','qqwe',NULL,'B',2,1,1,2,5,4,'2019-04-14','2019-04-14','正常',''),(145,'题目100','qradsqr','asdafqewfdzqf','weqqwdwqf','wgfqg',NULL,'C',2,1,1,2,5,4,'2019-04-14','2019-04-14','正常',''),(146,'题目101','asdq','w2g123w','sfwsaag','safqdrgrg',NULL,'A',2,1,1,2,4,5,'2019-04-14','2019-04-14','正常',''),(147,'题目102','wqgfwrg','gw3dwasderg','thadgdweg','asdqf',NULL,'B',2,1,1,2,4,5,'2019-04-14','2019-04-14','正常',''),(148,'题目103','aswq','weas23daaf','wag12dafwg','wfsqw',NULL,'C',2,1,1,2,4,5,'2019-04-14','2019-04-14','正常',''),(149,'题目104','asdqwad','qaqwwgrwdfeg','grwqdg2rwg','qqwe',NULL,'B',2,1,1,2,4,5,'2019-04-14','2019-04-14','正常',''),(150,'题目105','qradsqr','asd2radzqf','weqqwdwqf','wgfqg',NULL,'C',2,1,1,2,4,5,'2019-04-14','2019-04-14','正常',''),(151,'题目106','asdq','w2gw','sfwsaag','safqdrgrg',NULL,'A',2,1,1,2,5,5,'2019-04-14','2019-04-14','正常',''),(152,'题目107','wqg12fwrg','gw3dwasderg','thadgdweg','asdqf',NULL,'B',2,1,1,2,5,5,'2019-04-14','2019-04-14','正常',''),(153,'题目108','aswwqer123rq','weasdaaf','wagafwg','wfsqw',NULL,'C',2,1,1,2,5,5,'2019-04-14','2019-04-14','正常',''),(154,'题目109','asdqwad','qaqwdfeg','grwqdg2rwg','qqwe',NULL,'B',2,1,1,2,5,5,'2019-04-14','2019-04-14','正常',''),(155,'题目110','qradsqr','asdafqewfdzqf','weqqwdwqf','wgfqg',NULL,'C',2,1,1,2,5,5,'2019-04-14','2019-04-14','正常',''),(156,'题目111','asdq','w2g123w','sfwsaag','safqdrgrg',NULL,'A',2,1,1,2,3,5,'2019-04-14','2019-04-14','正常',''),(157,'题目112','wqgfwrg','gw3dwasderg','thadgdweg','asdqf',NULL,'B',2,1,1,2,3,5,'2019-04-14','2019-04-14','正常',''),(158,'题目113','aswq','weas23daaf','wag12dafwg','wfsqw',NULL,'C',2,1,1,2,3,5,'2019-04-14','2019-04-14','正常',''),(159,'题目114','asdqwad','qaqwwgrwdfeg','grwqdg2rwg','qqwe',NULL,'B',2,1,1,2,3,5,'2019-04-14','2019-04-14','正常',''),(160,'题目115','qradsqr','asd2radzqf','weqqwdwqf','wgfqg',NULL,'C',2,1,1,2,3,5,'2019-04-14','2019-04-14','正常',''),(161,'题目116','asdq','w2gw','sfwsaag','safqdrgrg',NULL,'A',2,1,1,2,1,5,'2019-04-14','2019-04-14','正常',''),(162,'题目117','wqg12fwrg','gw3dwasderg','thadgdweg','asdqf',NULL,'B',2,1,1,2,1,5,'2019-04-14','2019-04-14','正常',''),(163,'题目118','aswwqer123rq','weasdaaf','wagafwg','wfsqw',NULL,'C',2,1,1,2,1,5,'2019-04-14','2019-04-14','正常',''),(164,'题目119','asdqwad','qaqwdfeg','grwqdg2rwg','qqwe',NULL,'B',2,1,1,2,1,5,'2019-04-14','2019-04-14','正常',''),(165,'题目120','qradsqr','asdafqewfdzqf','weqqwdwqf','wgfqg',NULL,'C',2,1,1,2,1,5,'2019-04-14','2019-04-14','正常',''),(166,'题目121','asdq','w2g123w','sfwsaag','safqdrgrg',NULL,'A',2,1,1,2,2,5,'2019-04-14','2019-04-14','正常',''),(167,'题目122','wqgfwrg','gw3dwasderg','thadgdweg','asdqf',NULL,'B',2,1,1,2,2,5,'2019-04-14','2019-04-14','正常',''),(168,'题目123','aswq','weas23daaf','wag12dafwg','wfsqw',NULL,'C',2,1,1,2,2,5,'2019-04-14','2019-04-14','正常',''),(169,'题目124','asdqwad','qaqwwgrwdfeg','grwqdg2rwg','qqwe',NULL,'B',2,1,1,2,2,5,'2019-04-14','2019-04-14','正常',''),(170,'题目125','qradsqr','asd2radzqf','weqqwdwqf','wgfqg',NULL,'C',2,1,1,2,2,5,'2019-04-14','2019-04-14','正常',''),(171,'题目126','asdq','w2gw','sfwsaag','safqdrgrg',NULL,'A',2,1,1,2,1,5,'2019-04-14','2019-04-14','正常',''),(172,'题目127','wqg12fwrg','gw3dwasderg','thadgdweg','asdqf',NULL,'B',2,1,1,2,1,6,'2019-04-14','2019-04-14','正常',''),(173,'题目128','aswwqer123rq','weasdaaf','wagafwg','wfsqw',NULL,'C',2,1,1,2,1,6,'2019-04-14','2019-04-14','正常',''),(174,'题目129','asdqwad','qaqwdfeg','grwqdg2rwg','qqwe',NULL,'B',2,1,1,2,1,6,'2019-04-14','2019-04-14','正常',''),(175,'题目130','qradsqr','asdafqewfdzqf','weqqwdwqf','wgfqg',NULL,'C',2,1,1,2,1,6,'2019-04-14','2019-04-14','正常',''),(176,'题目131','asdq','w2g123w','sfwsaag','safqdrgrg',NULL,'A',2,1,1,2,2,6,'2019-04-14','2019-04-14','正常',''),(177,'题目132','wqgfwrg','gw3dwasderg','thadgdweg','asdqf',NULL,'B',2,1,1,2,2,6,'2019-04-14','2019-04-14','正常',''),(178,'题目133','aswq','weas23daaf','wag12dafwg','wfsqw',NULL,'C',2,1,1,2,2,6,'2019-04-14','2019-04-14','正常',''),(179,'题目134','asdqwad','qaqwwgrwdfeg','grwqdg2rwg','qqwe',NULL,'B',2,1,1,2,2,6,'2019-04-14','2019-04-14','正常',''),(180,'题目135','qradsqr','asd2radzqf','weqqwdwqf','wgfqg',NULL,'C',2,1,1,2,2,6,'2019-04-14','2019-04-14','正常',''),(181,'题目126','asdq','w2gw','sfwsaag','safqdrgrg',NULL,'A',2,1,1,2,3,6,'2019-04-14','2019-04-14','正常',''),(182,'题目127','wqg12fwrg','gw3dwasderg','thadgdweg','asdqf',NULL,'B',2,1,1,2,3,6,'2019-04-14','2019-04-14','正常',''),(183,'题目128','aswwqer123rq','weasdaaf','wagafwg','wfsqw',NULL,'C',2,1,1,2,3,6,'2019-04-14','2019-04-14','正常',''),(184,'题目129','asdqwad','qaqwdfeg','grwqdg2rwg','qqwe',NULL,'B',2,1,1,2,3,6,'2019-04-14','2019-04-14','正常',''),(185,'题目130','qradsqr','asdafqewfdzqf','weqqwdwqf','wgfqg',NULL,'C',2,1,1,2,3,6,'2019-04-14','2019-04-14','正常',''),(186,'题目131','asdq','w2g123w','sfwsaag','safqdrgrg',NULL,'A',2,1,1,2,4,6,'2019-04-14','2019-04-14','正常',''),(187,'题目132','wqgfwrg','gw3dwasderg','thadgdweg','asdqf',NULL,'B',2,1,1,2,4,6,'2019-04-14','2019-04-14','正常',''),(188,'题目133','aswq','weas23daaf','wag12dafwg','wfsqw',NULL,'C',2,1,1,2,4,6,'2019-04-14','2019-04-14','正常',''),(189,'题目134','asdqwad','qaqwwgrwdfeg','grwqdg2rwg','qqwe',NULL,'B',2,1,1,2,4,6,'2019-04-14','2019-04-14','正常',''),(190,'题目135','qradsqr','asd2radzqf','weqqwdwqf','wgfqg',NULL,'C',2,1,1,2,4,6,'2019-04-14','2019-04-14','正常',''),(201,'题目136','asdq','w2gw','sfwsaag','safqdrgrg',NULL,'A',2,1,1,2,5,6,'2019-04-14','2019-04-14','正常',''),(202,'题目137','wqg12fwrg','gw3dwasderg','thadgdweg','asdqf',NULL,'B',2,1,1,2,5,6,'2019-04-14','2019-04-14','正常',''),(203,'题目138','aswwqer123rq','weasdaaf','wagafwg','wfsqw',NULL,'C',2,1,1,2,5,6,'2019-04-14','2019-04-14','正常',''),(204,'题目139','asdqwad','qaqwdfeg','grwqdg2rwg','qqwe',NULL,'B',2,1,1,2,5,6,'2019-04-14','2019-04-14','正常',''),(205,'题目140','qradsqr','asdafqewfdzqf','weqqwdwqf','wgfqg',NULL,'C',2,1,1,2,5,6,'2019-04-14','2019-04-14','正常',''),(206,'题目141','asdq','w2g123w','sfwsaag','safqdrgrg',NULL,'A',2,1,1,2,4,7,'2019-04-14','2019-04-14','正常',''),(207,'题目142','wqgfwrg','gw3dwasderg','thadgdweg','asdqf',NULL,'B',2,1,1,2,4,7,'2019-04-14','2019-04-14','正常',''),(208,'题目143','aswq','weas23daaf','wag12dafwg','wfsqw',NULL,'C',2,1,1,2,4,7,'2019-04-14','2019-04-14','正常',''),(209,'题目144','asdqwad','qaqwwgrwdfeg','grwqdg2rwg','qqwe',NULL,'B',2,1,1,2,4,7,'2019-04-14','2019-04-14','正常',''),(210,'题目145','qradsqr','asd2radzqf','weqqwdwqf','wgfqg',NULL,'C',2,1,1,2,4,7,'2019-04-14','2019-04-14','正常',''),(211,'题目146','asdq','w2gw','sfwsaag','safqdrgrg',NULL,'A',2,1,1,2,5,7,'2019-04-14','2019-04-14','正常',''),(212,'题目147','wqg12fwrg','gw3dwasderg','thadgdweg','asdqf',NULL,'B',2,1,1,2,5,7,'2019-04-14','2019-04-14','正常',''),(213,'题目148','aswwqer123rq','weasdaaf','wagafwg','wfsqw',NULL,'C',2,1,1,2,5,7,'2019-04-14','2019-04-14','正常',''),(214,'题目149','asdqwad','qaqwdfeg','grwqdg2rwg','qqwe',NULL,'B',2,1,1,2,5,7,'2019-04-14','2019-04-14','正常',''),(215,'题目150','qradsqr','asdafqewfdzqf','weqqwdwqf','wgfqg',NULL,'C',2,1,1,2,5,7,'2019-04-14','2019-04-14','正常',''),(216,'题目151','asdq','w2g123w','sfwsaag','safqdrgrg',NULL,'A',2,1,1,2,3,7,'2019-04-14','2019-04-14','正常',''),(217,'题目152','wqgfwrg','gw3dwasderg','thadgdweg','asdqf',NULL,'B',2,1,1,2,3,7,'2019-04-14','2019-04-14','正常',''),(218,'题目153','aswq','weas23daaf','wag12dafwg','wfsqw',NULL,'C',2,1,1,2,3,7,'2019-04-14','2019-04-14','正常',''),(219,'题目154','asdqwad','qaqwwgrwdfeg','grwqdg2rwg','qqwe',NULL,'B',2,1,1,2,3,7,'2019-04-14','2019-04-14','正常',''),(220,'题目155','qradsqr','asd2radzqf','weqqwdwqf','wgfqg',NULL,'C',2,1,1,2,3,7,'2019-04-14','2019-04-14','正常',''),(221,'题目166','qfG','wgeg','hhGrth','rthrsaf',NULL,'A,B,C',4,2,1,2,1,1,'2019-04-14','2019-04-14','正常',''),(222,'题目167','waga','geh','gwrqerg','wgfg',NULL,'A,B',4,2,1,2,1,1,'2019-04-14','2019-04-14','正常',''),(223,'题目168','wage','gehw','qg','qgr',NULL,'C,D',4,2,1,2,1,1,'2019-04-14','2019-04-14','正常',''),(224,'题目169','afwag','ehgqg','qwgteq','gqgqerg',NULL,'B,C,D',4,2,1,2,2,1,'2019-04-14','2019-04-14','正常',''),(225,'题目170','safdag','ehqeag','afwef','wfewef',NULL,'A,D',4,2,1,2,2,1,'2019-04-14','2019-04-14','正常',''),(226,'题目171','wfwag','eqgeg','qwgqg','asfsgfeg',NULL,'A,C,D',4,2,1,2,2,1,'2019-04-14','2019-04-14','正常',''),(227,'题目172','aegeh','wrhtwrh','erhgqerg','gqegq',NULL,'C,D',4,2,1,2,3,1,'2019-04-14','2019-04-14','正常',''),(228,'题目173','gewhg','wegqeg','rhwr','sfdsaf',NULL,'B,C',4,2,1,2,3,1,'2019-04-14','2019-04-14','正常',''),(229,'题目174','ehrej','teyj','wfqaeg','ehwrg',NULL,'A,D',4,2,1,2,4,1,'2019-04-14','2019-04-14','正常',''),(230,'题目175','awf','gw','graer','awf',NULL,'B,C',4,2,1,2,3,1,'2019-04-14','2019-04-14','正常',''),(231,'题目176','fwef','WFE','REGE','Aegrg',NULL,'A,C',4,2,1,2,4,1,'2019-04-14','2019-04-14','正常',''),(232,'题目177','aeg','eh','gqweg','asf',NULL,'A,B',4,2,1,2,3,1,'2019-04-14','2019-04-14','正常',''),(233,'题目178','ehwrh','jer','qetrr','teyj',NULL,'A,B,C',4,2,1,2,4,1,'2019-04-14','2019-04-14','正常',''),(234,'题目179','erghwh','rwj','qt','jehweg',NULL,'B,C,D',4,2,1,2,5,1,'2019-04-14','2019-04-14','正常',''),(235,'题目180','ehgrth','rej','qwer','vsdv',NULL,'B,C',4,2,1,2,5,1,'2019-04-14','2019-04-14','正常',''),(236,'题目181','afag','ehg','htrh','werqw',NULL,'A,C',4,2,1,2,5,1,'2019-04-14','2019-04-14','正常',''),(237,'题目182','qfG','wgeg','hhGrth','rthrsaf',NULL,'A,B,C',4,2,1,2,1,2,'2019-04-14','2019-04-14','正常',''),(238,'题目183','waga','geh','gwrqerg','wgfg',NULL,'A,B',4,2,1,2,1,2,'2019-04-14','2019-04-14','正常',''),(239,'题目184','wage','gehw','qg','qgr',NULL,'C,D',4,2,1,2,1,2,'2019-04-14','2019-04-14','正常',''),(240,'题目185','afwag','ehgqg','qwgteq','gqgqerg',NULL,'B,C,D',4,2,1,2,2,2,'2019-04-14','2019-04-14','正常',''),(241,'题目186','safdag','ehqeag','afwef','wfewef',NULL,'A,D',4,2,1,2,2,2,'2019-04-14','2019-04-14','正常',''),(242,'题目187','wfwag','eqgeg','qwgqg','asfsgfeg',NULL,'A,C,D',4,2,1,2,2,2,'2019-04-14','2019-04-14','正常',''),(243,'题目188','aegeh','wrhtwrh','erhgqerg','gqegq',NULL,'C,D',4,2,1,2,3,2,'2019-04-14','2019-04-14','正常',''),(244,'题目189','gewhg','wegqeg','rhwr','sfdsaf',NULL,'B,C',4,2,1,2,3,2,'2019-04-14','2019-04-14','正常',''),(245,'题目190','ehrej','teyj','wfqaeg','ehwrg',NULL,'A,D',4,2,1,2,3,2,'2019-04-14','2019-04-14','正常',''),(246,'题目191','awf','gw','graer','awf',NULL,'B,C',4,2,1,2,4,2,'2019-04-14','2019-04-14','正常',''),(247,'题目192','fwef','WFE','REGE','Aegrg',NULL,'A,C',4,2,1,2,4,2,'2019-04-14','2019-04-14','正常',''),(248,'题目193','aeg','eh','gqweg','asf',NULL,'A,B',4,2,1,2,4,2,'2019-04-14','2019-04-14','正常',''),(249,'题目194','ehwrh','jer','qetrr','teyj',NULL,'A,B,C',4,2,1,2,4,2,'2019-04-14','2019-04-14','正常',''),(250,'题目195','erghwh','rwj','qt','jehweg',NULL,'B,C,D',4,2,1,2,5,2,'2019-04-14','2019-04-14','正常',''),(251,'题目196','ehgrth','rej','qwer','vsdv',NULL,'B,C',4,2,1,2,5,2,'2019-04-14','2019-04-14','正常',''),(252,'题目197','afag','ehg','htrh','werqw',NULL,'A,C',4,2,1,2,5,2,'2019-04-14','2019-04-14','正常',''),(253,'题目198','qfG','wgeg','hhGrth','rthrsaf',NULL,'A,B,C',4,2,1,2,1,3,'2019-04-14','2019-04-14','正常',''),(254,'题目199','waga','geh','gwrqerg','wgfg',NULL,'A,B',4,2,1,2,1,3,'2019-04-14','2019-04-14','正常',''),(255,'题目200','wage','gehw','qg','qgr',NULL,'C,D',4,2,1,2,1,3,'2019-04-14','2019-04-14','正常',''),(256,'题目201','afwag','ehgqg','qwgteq','gqgqerg',NULL,'B,C,D',4,2,1,2,2,3,'2019-04-14','2019-04-14','正常',''),(257,'题目202','safdag','ehqeag','afwef','wfewef',NULL,'A,D',4,2,1,2,2,3,'2019-04-14','2019-04-14','正常',''),(258,'题目203','wfwag','eqgeg','qwgqg','asfsgfeg',NULL,'A,C,D',4,2,1,2,2,3,'2019-04-14','2019-04-14','正常',''),(259,'题目204','aegeh','wrhtwrh','erhgqerg','gqegq',NULL,'C,D',4,2,1,2,3,3,'2019-04-14','2019-04-14','正常',''),(260,'题目205','gewhg','wegqeg','rhwr','sfdsaf',NULL,'B,C',4,2,1,2,3,3,'2019-04-14','2019-04-14','正常',''),(261,'题目206','ehrej','teyj','wfqaeg','ehwrg',NULL,'A,D',4,2,1,2,3,3,'2019-04-14','2019-04-14','正常',''),(262,'题目207','awf','gw','graer','awf',NULL,'B,C',4,2,1,2,4,3,'2019-04-14','2019-04-14','正常',''),(263,'题目208','fwef','WFE','REGE','Aegrg',NULL,'A,C',4,2,1,2,4,3,'2019-04-14','2019-04-14','正常',''),(264,'题目209','aeg','eh','gqweg','asf',NULL,'A,B',4,2,1,2,4,3,'2019-04-14','2019-04-14','正常',''),(265,'题目210','ehwrh','jer','qetrr','teyj',NULL,'A,B,C',4,2,1,2,4,3,'2019-04-14','2019-04-14','正常',''),(266,'题目211','erghwh','rwj','qt','jehweg',NULL,'B,C,D',4,2,1,2,5,3,'2019-04-14','2019-04-14','正常',''),(267,'题目212','ehgrth','rej','qwer','vsdv',NULL,'B,C',4,2,1,2,5,3,'2019-04-14','2019-04-14','正常',''),(268,'题目213','afag','ehg','htrh','werqw',NULL,'A,C',4,2,1,2,5,3,'2019-04-14','2019-04-14','正常',''),(269,'题目214','qfG','wgeg','hhGrth','rthrsaf',NULL,'A,B,C',4,2,1,2,1,4,'2019-04-14','2019-04-14','正常',''),(270,'题目215','waga','geh','gwrqerg','wgfg',NULL,'A,B',4,2,1,2,1,4,'2019-04-14','2019-04-14','正常',''),(271,'题目216','wage','gehw','qg','qgr',NULL,'C,D',4,2,1,2,1,4,'2019-04-14','2019-04-14','正常',''),(272,'题目217','afwag','ehgqg','qwgteq','gqgqerg',NULL,'B,C,D',4,2,1,2,2,4,'2019-04-14','2019-04-14','正常',''),(273,'题目218','safdag','ehqeag','afwef','wfewef',NULL,'A,D',4,2,1,2,2,4,'2019-04-14','2019-04-14','正常',''),(274,'题目219','wfwag','eqgeg','qwgqg','asfsgfeg',NULL,'A,C,D',4,2,1,2,2,4,'2019-04-14','2019-04-14','正常',''),(275,'题目220','aegeh','wrhtwrh','erhgqerg','gqegq',NULL,'C,D',4,2,1,2,3,4,'2019-04-14','2019-04-14','正常',''),(276,'题目221','gewhg','wegqeg','rhwr','sfdsaf',NULL,'B,C',4,2,1,2,3,4,'2019-04-14','2019-04-14','正常',''),(277,'题目222','ehrej','teyj','wfqaeg','ehwrg',NULL,'A,D',4,2,1,2,3,4,'2019-04-14','2019-04-14','正常',''),(278,'题目223','awf','gw','graer','awf',NULL,'B,C',4,2,1,2,4,4,'2019-04-14','2019-04-14','正常',''),(279,'题目224','fwef','WFE','REGE','Aegrg',NULL,'A,C',4,2,1,2,4,4,'2019-04-14','2019-04-14','正常',''),(280,'题目225','aeg','eh','gqweg','asf',NULL,'A,B',4,2,1,2,4,4,'2019-04-14','2019-04-14','正常',''),(281,'题目226','ehwrh','jer','qetrr','teyj',NULL,'A,B,C',4,2,1,2,4,4,'2019-04-14','2019-04-14','正常',''),(282,'题目227','erghwh','rwj','qt','jehweg',NULL,'B,C,D',4,2,1,2,5,4,'2019-04-14','2019-04-14','正常',''),(283,'题目228','ehgrth','rej','qwer','vsdv',NULL,'B,C',4,2,1,2,5,4,'2019-04-14','2019-04-14','正常',''),(284,'题目229','afag','ehg','htrh','werqw',NULL,'A,C',4,2,1,2,5,4,'2019-04-14','2019-04-14','正常',''),(285,'题目230','qfG','wgeg','hhGrth','rthrsaf',NULL,'A,B,C',4,2,1,2,1,5,'2019-04-14','2019-04-14','正常',''),(286,'题目231','waga','geh','gwrqerg','wgfg',NULL,'A,B',4,2,1,2,1,5,'2019-04-14','2019-04-14','正常',''),(287,'题目232','wage','gehw','qg','qgr',NULL,'C,D',4,2,1,2,1,5,'2019-04-14','2019-04-14','正常',''),(288,'题目233','afwag','ehgqg','qwgteq','gqgqerg',NULL,'B,C,D',4,2,1,2,2,5,'2019-04-14','2019-04-14','正常',''),(289,'题目234','safdag','ehqeag','afwef','wfewef',NULL,'A,D',4,2,1,2,2,5,'2019-04-14','2019-04-14','正常',''),(290,'题目235','wfwag','eqgeg','qwgqg','asfsgfeg',NULL,'A,C,D',4,2,1,2,2,5,'2019-04-14','2019-04-14','正常',''),(291,'题目236','aegeh','wrhtwrh','erhgqerg','gqegq',NULL,'C,D',4,2,1,2,3,5,'2019-04-14','2019-04-14','正常',''),(292,'题目237','gewhg','wegqeg','rhwr','sfdsaf',NULL,'B,C',4,2,1,2,3,5,'2019-04-14','2019-04-14','正常',''),(293,'题目238','ehrej','teyj','wfqaeg','ehwrg',NULL,'A,D',4,2,1,2,3,5,'2019-04-14','2019-04-14','正常',''),(294,'题目239','awf','gw','graer','awf',NULL,'B,C',4,2,1,2,4,5,'2019-04-14','2019-04-14','正常',''),(295,'题目240','fwef','WFE','REGE','Aegrg',NULL,'A,C',4,2,1,2,4,5,'2019-04-14','2019-04-14','正常',''),(296,'题目241','aeg','eh','gqweg','asf',NULL,'A,B',4,2,1,2,4,5,'2019-04-14','2019-04-14','正常',''),(297,'题目242','ehwrh','jer','qetrr','teyj',NULL,'A,B,C',4,2,1,2,4,5,'2019-04-14','2019-04-14','正常',''),(298,'题目243','erghwh','rwj','qt','jehweg',NULL,'B,C,D',4,2,1,2,5,5,'2019-04-14','2019-04-14','正常',''),(299,'题目244','ehgrth','rej','qwer','vsdv',NULL,'B,C',4,2,1,2,5,5,'2019-04-14','2019-04-14','正常',''),(300,'题目245','afag','ehg','htrh','werqw',NULL,'A,C',4,2,1,2,5,5,'2019-04-14','2019-04-14','正常',''),(301,'题目246','qfG','wgeg','hhGrth','rthrsaf',NULL,'A,B,C',4,2,1,2,1,6,'2019-04-14','2019-04-14','正常',''),(302,'题目247','waga','geh','gwrqerg','wgfg',NULL,'A,B',4,2,1,2,1,6,'2019-04-14','2019-04-14','正常',''),(303,'题目248','wage','gehw','qg','qgr',NULL,'C,D',4,2,1,2,1,6,'2019-04-14','2019-04-14','正常',''),(304,'题目249','afwag','ehgqg','qwgteq','gqgqerg',NULL,'B,C,D',4,2,1,2,2,6,'2019-04-14','2019-04-14','正常',''),(305,'题目250','safdag','ehqeag','afwef','wfewef',NULL,'A,D',4,2,1,2,2,6,'2019-04-14','2019-04-14','正常',''),(306,'题目251','wfwag','eqgeg','qwgqg','asfsgfeg',NULL,'A,C,D',4,2,1,2,2,6,'2019-04-14','2019-04-14','正常',''),(307,'题目252','aegeh','wrhtwrh','erhgqerg','gqegq',NULL,'C,D',4,2,1,2,3,6,'2019-04-14','2019-04-14','正常',''),(308,'题目253','gewhg','wegqeg','rhwr','sfdsaf',NULL,'B,C',4,2,1,2,3,6,'2019-04-14','2019-04-14','正常',''),(309,'题目254','ehrej','teyj','wfqaeg','ehwrg',NULL,'A,D',4,2,1,2,3,6,'2019-04-14','2019-04-14','正常',''),(310,'题目255','awf','gw','graer','awf',NULL,'B,C',4,2,1,2,4,6,'2019-04-14','2019-04-14','正常',''),(311,'题目256','fwef','WFE','REGE','Aegrg',NULL,'A,C',4,2,1,2,4,6,'2019-04-14','2019-04-14','正常',''),(312,'题目257','aeg','eh','gqweg','asf',NULL,'A,B',4,2,1,2,4,6,'2019-04-14','2019-04-14','正常',''),(313,'题目258','ehwrh','jer','qetrr','teyj',NULL,'A,B,C',4,2,1,2,4,6,'2019-04-14','2019-04-14','正常',''),(314,'题目259','erghwh','rwj','qt','jehweg',NULL,'B,C,D',4,2,1,2,5,6,'2019-04-14','2019-04-14','正常',''),(315,'题目260','ehgrth','rej','qwer','vsdv',NULL,'B,C',4,2,1,2,5,6,'2019-04-14','2019-04-14','正常',''),(316,'题目261','afag','ehg','htrh','werqw',NULL,'A,C',4,2,1,2,5,6,'2019-04-14','2019-04-14','正常',''),(317,'题目262','qfG','wgeg','hhGrth','rthrsaf',NULL,'A,B,C',4,2,1,2,1,7,'2019-04-14','2019-04-14','正常',''),(318,'题目263','waga','geh','gwrqerg','wgfg',NULL,'A,B',4,2,1,2,1,7,'2019-04-14','2019-04-14','正常',''),(319,'题目264','wage','gehw','qg','qgr',NULL,'C,D',4,2,1,2,1,7,'2019-04-14','2019-04-14','正常',''),(320,'题目265','afwag','ehgqg','qwgteq','gqgqerg',NULL,'B,C,D',4,2,1,2,2,7,'2019-04-14','2019-04-14','正常',''),(321,'题目266','safdag','ehqeag','afwef','wfewef',NULL,'A,D',4,2,1,2,2,7,'2019-04-14','2019-04-14','正常',''),(322,'题目267','wfwag','eqgeg','qwgqg','asfsgfeg',NULL,'A,C,D',4,2,1,2,2,7,'2019-04-14','2019-04-14','正常',''),(323,'题目268','aegeh','wrhtwrh','erhgqerg','gqegq',NULL,'C,D',4,2,1,2,3,7,'2019-04-14','2019-04-14','正常',''),(324,'题目269','gewhg','wegqeg','rhwr','sfdsaf',NULL,'B,C',4,2,1,2,3,7,'2019-04-14','2019-04-14','正常',''),(325,'题目270','ehrej','teyj','wfqaeg','ehwrg',NULL,'A,D',4,2,1,2,3,7,'2019-04-14','2019-04-14','正常',''),(326,'题目271','awf','gw','graer','awf',NULL,'B,C',4,2,1,2,4,7,'2019-04-14','2019-04-14','正常',''),(327,'题目272','fwef','WFE','REGE','Aegrg',NULL,'A,C',4,2,1,2,4,7,'2019-04-14','2019-04-14','正常',''),(328,'题目273','aeg','eh','gqweg','asf',NULL,'A,B',4,2,1,2,4,7,'2019-04-14','2019-04-14','正常',''),(329,'题目274','ehwrh','jer','qetrr','teyj',NULL,'A,B,C',4,2,1,2,4,7,'2019-04-14','2019-04-14','正常',''),(330,'题目275','erghwh','rwj','qt','jehweg',NULL,'B,C,D',4,2,1,2,5,7,'2019-04-14','2019-04-14','正常',''),(331,'题目276','ehgrth','rej','qwer','vsdv',NULL,'B,C',4,2,1,2,5,7,'2019-04-14','2019-04-14','正常',''),(332,'题目277','afag','ehg','htrh','werqw',NULL,'A,C',4,2,1,2,5,7,'2019-04-14','2019-04-14','正常',''),(333,'题目278',NULL,NULL,NULL,NULL,NULL,'错误',2,3,1,2,1,1,'2019-04-14','2019-04-14','正常',''),(334,'题目279',NULL,NULL,NULL,NULL,NULL,'正确',2,3,1,2,1,1,'2019-04-14','2019-04-14','正常',''),(335,'题目280',NULL,NULL,NULL,NULL,NULL,'正确',2,3,1,2,1,1,'2019-04-14','2019-04-14','正常',''),(336,'题目281',NULL,NULL,NULL,NULL,NULL,'正确',2,3,1,2,2,1,'2019-04-14','2019-04-14','正常',''),(337,'题目282',NULL,NULL,NULL,NULL,NULL,'错误',2,3,1,2,2,1,'2019-04-14','2019-04-14','正常',''),(338,'题目283',NULL,NULL,NULL,NULL,NULL,'正确',2,3,1,2,2,1,'2019-04-14','2019-04-14','正常',''),(339,'题目284',NULL,NULL,NULL,NULL,NULL,'错误',2,3,1,2,3,1,'2019-04-14','2019-04-14','正常',''),(340,'题目285',NULL,NULL,NULL,NULL,NULL,'错误',2,3,1,2,3,1,'2019-04-14','2019-04-14','正常',''),(341,'题目286',NULL,NULL,NULL,NULL,NULL,'正确',2,3,1,2,3,1,'2019-04-14','2019-04-14','正常',''),(342,'题目287',NULL,NULL,NULL,NULL,NULL,'错误',2,3,1,2,4,1,'2019-04-14','2019-04-14','正常',''),(343,'题目288',NULL,NULL,NULL,NULL,NULL,'正确',2,3,1,2,4,1,'2019-04-14','2019-04-14','正常',''),(344,'题目289',NULL,NULL,NULL,NULL,NULL,'正确',2,3,1,2,4,1,'2019-04-14','2019-04-14','正常',''),(345,'题目290',NULL,NULL,NULL,NULL,NULL,'正确',2,3,1,2,5,1,'2019-04-14','2019-04-14','正常',''),(346,'题目291',NULL,NULL,NULL,NULL,NULL,'错误',2,3,1,2,5,1,'2019-04-14','2019-04-14','正常',''),(347,'题目292',NULL,NULL,NULL,NULL,NULL,'正确',2,3,1,2,5,1,'2019-04-14','2019-04-14','正常',''),(348,'题目293',NULL,NULL,NULL,NULL,NULL,'错误',2,3,1,2,1,2,'2019-04-14','2019-04-14','正常',''),(349,'题目294',NULL,NULL,NULL,NULL,NULL,'正确',2,3,1,2,1,2,'2019-04-14','2019-04-14','正常',''),(350,'题目295',NULL,NULL,NULL,NULL,NULL,'正确',2,3,1,2,1,2,'2019-04-14','2019-04-14','正常',''),(351,'题目296',NULL,NULL,NULL,NULL,NULL,'正确',2,3,1,2,2,2,'2019-04-14','2019-04-14','正常',''),(352,'题目297',NULL,NULL,NULL,NULL,NULL,'错误',2,3,1,2,2,2,'2019-04-14','2019-04-14','正常',''),(353,'题目298',NULL,NULL,NULL,NULL,NULL,'正确',2,3,1,2,2,2,'2019-04-14','2019-04-14','正常',''),(354,'题目299',NULL,NULL,NULL,NULL,NULL,'错误',2,3,1,2,3,2,'2019-04-14','2019-04-14','正常',''),(355,'题目300',NULL,NULL,NULL,NULL,NULL,'错误',2,3,1,2,3,2,'2019-04-14','2019-04-14','正常',''),(356,'题目301',NULL,NULL,NULL,NULL,NULL,'正确',2,3,1,2,3,2,'2019-04-14','2019-04-14','正常',''),(357,'题目302',NULL,NULL,NULL,NULL,NULL,'错误',2,3,1,2,4,2,'2019-04-14','2019-04-14','正常',''),(358,'题目303',NULL,NULL,NULL,NULL,NULL,'正确',2,3,1,2,4,2,'2019-04-14','2019-04-14','正常',''),(359,'题目304',NULL,NULL,NULL,NULL,NULL,'正确',2,3,1,2,4,2,'2019-04-14','2019-04-14','正常',''),(360,'题目305',NULL,NULL,NULL,NULL,NULL,'正确',2,3,1,2,5,2,'2019-04-14','2019-04-14','正常',''),(361,'题目306',NULL,NULL,NULL,NULL,NULL,'错误',2,3,1,2,5,2,'2019-04-14','2019-04-14','正常',''),(362,'题目307',NULL,NULL,NULL,NULL,NULL,'正确',2,3,1,2,5,2,'2019-04-14','2019-04-14','正常',''),(363,'题目308',NULL,NULL,NULL,NULL,NULL,'错误',2,3,1,2,1,3,'2019-04-14','2019-04-14','正常',''),(364,'题目309',NULL,NULL,NULL,NULL,NULL,'正确',2,3,1,2,1,3,'2019-04-14','2019-04-14','正常',''),(365,'题目310',NULL,NULL,NULL,NULL,NULL,'正确',2,3,1,2,1,3,'2019-04-14','2019-04-14','正常',''),(366,'题目311',NULL,NULL,NULL,NULL,NULL,'正确',2,3,1,2,2,3,'2019-04-14','2019-04-14','正常',''),(367,'题目312',NULL,NULL,NULL,NULL,NULL,'错误',2,3,1,2,2,3,'2019-04-14','2019-04-14','正常',''),(368,'题目313',NULL,NULL,NULL,NULL,NULL,'正确',2,3,1,2,2,3,'2019-04-14','2019-04-14','正常',''),(369,'题目314',NULL,NULL,NULL,NULL,NULL,'错误',2,3,1,2,3,3,'2019-04-14','2019-04-14','正常',''),(370,'题目315',NULL,NULL,NULL,NULL,NULL,'错误',2,3,1,2,3,3,'2019-04-14','2019-04-14','正常',''),(371,'题目316',NULL,NULL,NULL,NULL,NULL,'正确',2,3,1,2,3,3,'2019-04-14','2019-04-14','正常',''),(372,'题目317',NULL,NULL,NULL,NULL,NULL,'错误',2,3,1,2,4,3,'2019-04-14','2019-04-14','正常',''),(373,'题目318',NULL,NULL,NULL,NULL,NULL,'正确',2,3,1,2,4,3,'2019-04-14','2019-04-14','正常',''),(374,'题目319',NULL,NULL,NULL,NULL,NULL,'正确',2,3,1,2,4,3,'2019-04-14','2019-04-14','正常',''),(375,'题目320',NULL,NULL,NULL,NULL,NULL,'正确',2,3,1,2,5,3,'2019-04-14','2019-04-14','正常',''),(376,'题目322',NULL,NULL,NULL,NULL,NULL,'错误',2,3,1,2,5,3,'2019-04-14','2019-04-14','正常',''),(377,'题目323',NULL,NULL,NULL,NULL,NULL,'正确',2,3,1,2,5,3,'2019-04-14','2019-04-14','正常',''),(378,'题目324',NULL,NULL,NULL,NULL,NULL,'错误',2,3,1,2,1,4,'2019-04-14','2019-04-14','正常',''),(379,'题目325',NULL,NULL,NULL,NULL,NULL,'正确',2,3,1,2,1,4,'2019-04-14','2019-04-14','正常',''),(380,'题目326',NULL,NULL,NULL,NULL,NULL,'正确',2,3,1,2,1,4,'2019-04-14','2019-04-14','正常',''),(381,'题目327',NULL,NULL,NULL,NULL,NULL,'正确',2,3,1,2,2,4,'2019-04-14','2019-04-14','正常',''),(382,'题目328',NULL,NULL,NULL,NULL,NULL,'错误',2,3,1,2,2,4,'2019-04-14','2019-04-14','正常',''),(383,'题目329',NULL,NULL,NULL,NULL,NULL,'正确',2,3,1,2,2,4,'2019-04-14','2019-04-14','正常',''),(384,'题目330',NULL,NULL,NULL,NULL,NULL,'错误',2,3,1,2,3,4,'2019-04-14','2019-04-14','正常',''),(385,'题目331',NULL,NULL,NULL,NULL,NULL,'错误',2,3,1,2,3,4,'2019-04-14','2019-04-14','正常',''),(386,'题目332',NULL,NULL,NULL,NULL,NULL,'正确',2,3,1,2,3,4,'2019-04-14','2019-04-14','正常',''),(387,'题目333',NULL,NULL,NULL,NULL,NULL,'错误',2,3,1,2,4,4,'2019-04-14','2019-04-14','正常',''),(388,'题目334',NULL,NULL,NULL,NULL,NULL,'正确',2,3,1,2,4,4,'2019-04-14','2019-04-14','正常',''),(389,'题目345',NULL,NULL,NULL,NULL,NULL,'正确',2,3,1,2,4,4,'2019-04-14','2019-04-14','正常',''),(390,'题目346',NULL,NULL,NULL,NULL,NULL,'正确',2,3,1,2,5,4,'2019-04-14','2019-04-14','正常',''),(391,'题目337',NULL,NULL,NULL,NULL,NULL,'错误',2,3,1,2,5,4,'2019-04-14','2019-04-14','正常',''),(392,'题目338',NULL,NULL,NULL,NULL,NULL,'正确',2,3,1,2,5,4,'2019-04-14','2019-04-14','正常',''),(393,'题目339',NULL,NULL,NULL,NULL,NULL,'错误',2,3,1,2,1,5,'2019-04-14','2019-04-14','正常',''),(394,'题目340',NULL,NULL,NULL,NULL,NULL,'正确',2,3,1,2,1,5,'2019-04-14','2019-04-14','正常',''),(395,'题目341',NULL,NULL,NULL,NULL,NULL,'正确',2,3,1,2,1,5,'2019-04-14','2019-04-14','正常',''),(396,'题目342',NULL,NULL,NULL,NULL,NULL,'正确',2,3,1,2,2,5,'2019-04-14','2019-04-14','正常',''),(397,'题目343',NULL,NULL,NULL,NULL,NULL,'错误',2,3,1,2,2,5,'2019-04-14','2019-04-14','正常',''),(398,'题目344',NULL,NULL,NULL,NULL,NULL,'正确',2,3,1,2,2,5,'2019-04-14','2019-04-14','正常',''),(399,'题目345',NULL,NULL,NULL,NULL,NULL,'错误',2,3,1,2,3,5,'2019-04-14','2019-04-14','正常',''),(400,'题目346',NULL,NULL,NULL,NULL,NULL,'错误',2,3,1,2,3,5,'2019-04-14','2019-04-14','正常',''),(401,'题目347',NULL,NULL,NULL,NULL,NULL,'正确',2,3,1,2,3,5,'2019-04-14','2019-04-14','正常',''),(402,'题目348',NULL,NULL,NULL,NULL,NULL,'错误',2,3,1,2,4,5,'2019-04-14','2019-04-14','正常',''),(403,'题目349',NULL,NULL,NULL,NULL,NULL,'正确',2,3,1,2,4,5,'2019-04-14','2019-04-14','正常',''),(404,'题目350',NULL,NULL,NULL,NULL,NULL,'正确',2,3,1,2,4,5,'2019-04-14','2019-04-14','正常',''),(405,'题目351',NULL,NULL,NULL,NULL,NULL,'正确',2,3,1,2,5,5,'2019-04-14','2019-04-14','正常',''),(406,'题目352',NULL,NULL,NULL,NULL,NULL,'错误',2,3,1,2,5,5,'2019-04-14','2019-04-14','正常',''),(407,'题目353',NULL,NULL,NULL,NULL,NULL,'正确',2,3,1,2,5,5,'2019-04-14','2019-04-14','正常',''),(408,'题目324',NULL,NULL,NULL,NULL,NULL,'gwgwthtr',2,4,1,2,1,1,'2019-04-14','2019-04-14','正常',''),(409,'题目325',NULL,NULL,NULL,NULL,NULL,'asdwgef',2,4,1,2,1,1,'2019-04-14','2019-04-14','正常',''),(410,'题目326',NULL,NULL,NULL,NULL,NULL,'asdwgef',2,4,1,2,1,1,'2019-04-14','2019-04-14','正常',''),(411,'题目327',NULL,NULL,NULL,NULL,NULL,'asdwgef',2,4,1,2,2,1,'2019-04-14','2019-04-14','正常',''),(412,'题目328',NULL,NULL,NULL,NULL,NULL,'gwgwthtr',2,4,1,2,2,1,'2019-04-14','2019-04-14','正常',''),(413,'题目329',NULL,NULL,NULL,NULL,NULL,'asdwgef',2,4,1,2,2,1,'2019-04-14','2019-04-14','正常',''),(414,'题目330',NULL,NULL,NULL,NULL,NULL,'gwgwthtr',2,4,1,2,3,1,'2019-04-14','2019-04-14','正常',''),(415,'题目331',NULL,NULL,NULL,NULL,NULL,'gwgwthtr',2,4,1,2,3,1,'2019-04-14','2019-04-14','正常',''),(416,'题目332',NULL,NULL,NULL,NULL,NULL,'asdwgef',2,4,1,2,3,1,'2019-04-14','2019-04-14','正常',''),(417,'题目333',NULL,NULL,NULL,NULL,NULL,'gwgwthtr',2,4,1,2,4,1,'2019-04-14','2019-04-14','正常',''),(418,'题目334',NULL,NULL,NULL,NULL,NULL,'asdwgef',2,4,1,2,4,1,'2019-04-14','2019-04-14','正常',''),(419,'题目345',NULL,NULL,NULL,NULL,NULL,'asdwgef',2,4,1,2,4,1,'2019-04-14','2019-04-14','正常',''),(420,'题目346',NULL,NULL,NULL,NULL,NULL,'asdwgef',2,3,1,2,5,1,'2019-04-14','2019-04-14','正常',''),(421,'题目337',NULL,NULL,NULL,NULL,NULL,'gwgwthtr',2,4,1,2,5,1,'2019-04-14','2019-04-14','正常',''),(422,'题目338',NULL,NULL,NULL,NULL,NULL,'asdwgef',2,3,1,2,5,1,'2019-04-14','2019-04-14','正常',''),(423,'题目339',NULL,NULL,NULL,NULL,NULL,'gwgwthtr',2,4,1,2,1,2,'2019-04-14','2019-04-14','正常',''),(424,'题目340',NULL,NULL,NULL,NULL,NULL,'asdwgef',2,4,1,2,1,2,'2019-04-14','2019-04-14','正常',''),(425,'题目341',NULL,NULL,NULL,NULL,NULL,'asdwgef',2,4,1,2,1,2,'2019-04-14','2019-04-14','正常',''),(426,'题目342',NULL,NULL,NULL,NULL,NULL,'asdwgef',2,4,1,2,2,2,'2019-04-14','2019-04-14','正常',''),(427,'题目343',NULL,NULL,NULL,NULL,NULL,'gwgwthtr',2,4,1,2,2,2,'2019-04-14','2019-04-14','正常',''),(428,'题目344',NULL,NULL,NULL,NULL,NULL,'asdwgef',2,4,1,2,2,2,'2019-04-14','2019-04-14','正常',''),(429,'题目345',NULL,NULL,NULL,NULL,NULL,'gwgwthtr',2,4,1,2,3,2,'2019-04-14','2019-04-14','正常',''),(430,'题目346',NULL,NULL,NULL,NULL,NULL,'gwgwthtr',2,4,1,2,3,2,'2019-04-14','2019-04-14','正常',''),(431,'题目347',NULL,NULL,NULL,NULL,NULL,'asdwgef',2,4,1,2,3,2,'2019-04-14','2019-04-14','正常',''),(432,'题目348',NULL,NULL,NULL,NULL,NULL,'gwgwthtr',2,4,1,2,4,2,'2019-04-14','2019-04-14','正常',''),(433,'题目349',NULL,NULL,NULL,NULL,NULL,'asdwgef',2,4,1,2,4,2,'2019-04-14','2019-04-14','正常',''),(434,'题目350',NULL,NULL,NULL,NULL,NULL,'asdwgef',2,4,1,2,4,2,'2019-04-14','2019-04-14','正常',''),(435,'题目351',NULL,NULL,NULL,NULL,NULL,'asdwgef',2,4,1,2,5,2,'2019-04-14','2019-04-14','正常',''),(436,'题目352',NULL,NULL,NULL,NULL,NULL,'gwgwthtr',2,4,1,2,5,2,'2019-04-14','2019-04-14','正常',''),(437,'题目353',NULL,NULL,NULL,NULL,NULL,'asdwgef',2,4,1,2,5,2,'2019-04-14','2019-04-14','正常',''),(438,'题目354',NULL,NULL,NULL,NULL,NULL,'gwgwthtr',2,4,1,2,1,3,'2019-04-14','2019-04-14','正常',''),(439,'题目355',NULL,NULL,NULL,NULL,NULL,'asdwgef',2,4,1,2,1,3,'2019-04-14','2019-04-14','正常',''),(440,'题目356',NULL,NULL,NULL,NULL,NULL,'asdwgef',2,4,1,2,1,3,'2019-04-14','2019-04-14','正常',''),(441,'题目357',NULL,NULL,NULL,NULL,NULL,'asdwgef',2,4,1,2,2,3,'2019-04-14','2019-04-14','正常',''),(442,'题目358',NULL,NULL,NULL,NULL,NULL,'gwgwthtr',2,4,1,2,2,3,'2019-04-14','2019-04-14','正常',''),(443,'题目359',NULL,NULL,NULL,NULL,NULL,'asdwgef',2,4,1,2,2,3,'2019-04-14','2019-04-14','正常',''),(444,'题目360',NULL,NULL,NULL,NULL,NULL,'gwgwthtr',2,4,1,2,3,3,'2019-04-14','2019-04-14','正常',''),(445,'题目361',NULL,NULL,NULL,NULL,NULL,'gwgwthtr',2,4,1,2,3,3,'2019-04-14','2019-04-14','正常',''),(446,'题目362',NULL,NULL,NULL,NULL,NULL,'asdwgef',2,4,1,2,3,3,'2019-04-14','2019-04-14','正常',''),(447,'题目363',NULL,NULL,NULL,NULL,NULL,'gwgwthtr',2,4,1,2,4,3,'2019-04-14','2019-04-14','正常',''),(448,'题目364',NULL,NULL,NULL,NULL,NULL,'asdwgef',2,4,1,2,4,3,'2019-04-14','2019-04-14','正常',''),(449,'题目365',NULL,NULL,NULL,NULL,NULL,'asdwgef',2,4,1,2,4,3,'2019-04-14','2019-04-14','正常',''),(450,'题目366',NULL,NULL,NULL,NULL,NULL,'asdwgef',2,4,1,2,5,3,'2019-04-14','2019-04-14','正常',''),(451,'题目367',NULL,NULL,NULL,NULL,NULL,'gwgwthtr',2,4,1,2,5,3,'2019-04-14','2019-04-14','正常',''),(452,'题目368',NULL,NULL,NULL,NULL,NULL,'asdwgef',2,4,1,2,5,3,'2019-04-14','2019-04-14','正常',''),(453,'题目369',NULL,NULL,NULL,NULL,NULL,'gwgwthtr',2,4,1,2,1,4,'2019-04-14','2019-04-14','正常',''),(454,'题目370',NULL,NULL,NULL,NULL,NULL,'asdwgef',2,4,1,2,1,4,'2019-04-14','2019-04-14','正常',''),(455,'题目371',NULL,NULL,NULL,NULL,NULL,'asdwgef',2,4,1,2,1,4,'2019-04-14','2019-04-14','正常',''),(456,'题目372',NULL,NULL,NULL,NULL,NULL,'asdwgef',2,4,1,2,2,4,'2019-04-14','2019-04-14','正常',''),(457,'题目373',NULL,NULL,NULL,NULL,NULL,'gwgwthtr',2,4,1,2,2,4,'2019-04-14','2019-04-14','正常',''),(458,'题目374',NULL,NULL,NULL,NULL,NULL,'asdwgef',2,4,1,2,2,4,'2019-04-14','2019-04-14','正常',''),(459,'题目375',NULL,NULL,NULL,NULL,NULL,'gwgwthtr',2,4,1,2,3,4,'2019-04-14','2019-04-14','正常',''),(460,'题目376',NULL,NULL,NULL,NULL,NULL,'gwgwthtr',2,4,1,2,3,4,'2019-04-14','2019-04-14','正常',''),(461,'题目377',NULL,NULL,NULL,NULL,NULL,'asdwgef',2,4,1,2,3,4,'2019-04-14','2019-04-14','正常',''),(462,'题目378',NULL,NULL,NULL,NULL,NULL,'gwgwthtr',2,4,1,2,4,4,'2019-04-14','2019-04-14','正常',''),(463,'题目380',NULL,NULL,NULL,NULL,NULL,'asdwgef',2,4,1,2,4,4,'2019-04-14','2019-04-14','正常',''),(464,'题目382',NULL,NULL,NULL,NULL,NULL,'asdwgef',2,4,1,2,4,4,'2019-04-14','2019-04-14','正常',''),(465,'题目383',NULL,NULL,NULL,NULL,NULL,'asdwgef',2,4,1,2,5,4,'2019-04-14','2019-04-14','正常',''),(466,'题目384',NULL,NULL,NULL,NULL,NULL,'gwgwthtr',2,4,1,2,5,4,'2019-04-14','2019-04-14','正常',''),(467,'题目385',NULL,NULL,NULL,NULL,NULL,'asdwgef',2,4,1,2,5,4,'2019-04-14','2019-04-14','正常',''),(468,'题目386',NULL,NULL,NULL,NULL,NULL,'gwgwthtr',2,4,1,2,1,5,'2019-04-14','2019-04-14','正常',''),(469,'题目387',NULL,NULL,NULL,NULL,NULL,'asdwgef',2,4,1,2,1,5,'2019-04-14','2019-04-14','正常',''),(470,'题目388',NULL,NULL,NULL,NULL,NULL,'asdwgef',2,4,1,2,1,5,'2019-04-14','2019-04-14','正常',''),(471,'题目389',NULL,NULL,NULL,NULL,NULL,'asdwgef',2,4,1,2,2,5,'2019-04-14','2019-04-14','正常',''),(472,'题目390',NULL,NULL,NULL,NULL,NULL,'gwgwthtr',2,4,1,2,2,5,'2019-04-14','2019-04-14','正常',''),(473,'题目391',NULL,NULL,NULL,NULL,NULL,'asdwgef',2,4,1,2,2,5,'2019-04-14','2019-04-14','正常',''),(474,'题目392',NULL,NULL,NULL,NULL,NULL,'gwgwthtr',2,4,1,2,3,5,'2019-04-14','2019-04-14','正常',''),(475,'题目393',NULL,NULL,NULL,NULL,NULL,'gwgwthtr',2,4,1,2,3,5,'2019-04-14','2019-04-14','正常',''),(476,'题目394',NULL,NULL,NULL,NULL,NULL,'asdwgef',2,4,1,2,3,5,'2019-04-14','2019-04-14','正常',''),(477,'题目395',NULL,NULL,NULL,NULL,NULL,'gwgwthtr',2,4,1,2,4,5,'2019-04-14','2019-04-14','正常',''),(478,'题目396',NULL,NULL,NULL,NULL,NULL,'asdwgef',2,4,1,2,4,5,'2019-04-14','2019-04-14','正常',''),(479,'题目397',NULL,NULL,NULL,NULL,NULL,'asdwgef',2,4,1,2,4,5,'2019-04-14','2019-04-14','正常',''),(480,'题目398',NULL,NULL,NULL,NULL,NULL,'asdwgef',2,4,1,2,5,5,'2019-04-14','2019-04-14','正常',''),(481,'题目399',NULL,NULL,NULL,NULL,NULL,'gwgwthtr',2,4,1,2,5,5,'2019-04-14','2019-04-14','正常',''),(482,'题目400',NULL,NULL,NULL,NULL,NULL,'asdwgef',2,4,1,2,5,5,'2019-04-14','2019-04-14','正常',''),(483,'题目401',NULL,NULL,NULL,NULL,NULL,'gwgwthtr',2,4,1,2,1,6,'2019-04-14','2019-04-14','正常',''),(484,'题目402',NULL,NULL,NULL,NULL,NULL,'asdwgef',2,4,1,2,1,6,'2019-04-14','2019-04-14','正常',''),(485,'题目403',NULL,NULL,NULL,NULL,NULL,'asdwgef',2,4,1,2,1,6,'2019-04-14','2019-04-14','正常',''),(486,'题目404',NULL,NULL,NULL,NULL,NULL,'asdwgef',2,4,1,2,2,6,'2019-04-14','2019-04-14','正常',''),(487,'题目405',NULL,NULL,NULL,NULL,NULL,'gwgwthtr',2,4,1,2,2,6,'2019-04-14','2019-04-14','正常',''),(488,'题目406',NULL,NULL,NULL,NULL,NULL,'asdwgef',2,4,1,2,2,6,'2019-04-14','2019-04-14','正常',''),(489,'题目407',NULL,NULL,NULL,NULL,NULL,'gwgwthtr',2,4,1,2,3,6,'2019-04-14','2019-04-14','正常',''),(490,'题目408',NULL,NULL,NULL,NULL,NULL,'gwgwthtr',2,4,1,2,3,6,'2019-04-14','2019-04-14','正常',''),(491,'题目409',NULL,NULL,NULL,NULL,NULL,'asdwgef',2,4,1,2,3,6,'2019-04-14','2019-04-14','正常',''),(492,'题目410',NULL,NULL,NULL,NULL,NULL,'gwgwthtr',2,4,1,2,4,6,'2019-04-14','2019-04-14','正常',''),(493,'题目411',NULL,NULL,NULL,NULL,NULL,'asdwgef',2,4,1,2,4,6,'2019-04-14','2019-04-14','正常',''),(494,'题目412',NULL,NULL,NULL,NULL,NULL,'asdwgef',2,4,1,2,4,6,'2019-04-14','2019-04-14','正常',''),(495,'题目413',NULL,NULL,NULL,NULL,NULL,'asdwgef',2,4,1,2,5,6,'2019-04-14','2019-04-14','正常',''),(496,'题目414',NULL,NULL,NULL,NULL,NULL,'gwgwthtr',2,4,1,2,5,6,'2019-04-14','2019-04-14','正常',''),(497,'题目415',NULL,NULL,NULL,NULL,NULL,'asdwgef',2,4,1,2,5,6,'2019-04-14','2019-04-14','正常',''),(498,'题目416',NULL,NULL,NULL,NULL,NULL,'gwgwthtr',2,4,1,2,1,7,'2019-04-14','2019-04-14','正常',''),(499,'题目417',NULL,NULL,NULL,NULL,NULL,'asdwgef',2,4,1,2,1,7,'2019-04-14','2019-04-14','正常',''),(500,'题目418',NULL,NULL,NULL,NULL,NULL,'asdwgef',2,4,1,2,1,7,'2019-04-14','2019-04-14','正常',''),(501,'题目419',NULL,NULL,NULL,NULL,NULL,'asdwgef',2,4,1,2,2,7,'2019-04-14','2019-04-14','正常',''),(502,'题目420',NULL,NULL,NULL,NULL,NULL,'gwgwthtr',2,4,1,2,2,7,'2019-04-14','2019-04-14','正常',''),(503,'题目421',NULL,NULL,NULL,NULL,NULL,'asdwgef',2,4,1,2,2,7,'2019-04-14','2019-04-14','正常',''),(504,'题目422',NULL,NULL,NULL,NULL,NULL,'gwgwthtr',2,4,1,2,3,7,'2019-04-14','2019-04-14','正常',''),(505,'题目423',NULL,NULL,NULL,NULL,NULL,'gwgwthtr',2,4,1,2,3,7,'2019-04-14','2019-04-14','正常',''),(506,'题目424',NULL,NULL,NULL,NULL,NULL,'asdwgef',2,4,1,2,3,7,'2019-04-14','2019-04-14','正常',''),(507,'题目425',NULL,NULL,NULL,NULL,NULL,'gwgwthtr',2,4,1,2,4,7,'2019-04-14','2019-04-14','正常',''),(508,'题目426',NULL,NULL,NULL,NULL,NULL,'asdwgef',2,4,1,2,4,7,'2019-04-14','2019-04-14','正常',''),(509,'题目427',NULL,NULL,NULL,NULL,NULL,'asdwgef',2,4,1,2,4,7,'2019-04-14','2019-04-14','正常',''),(510,'题目428',NULL,NULL,NULL,NULL,NULL,'asdwgef',2,4,1,2,5,7,'2019-04-14','2019-04-14','正常',''),(511,'题目429',NULL,NULL,NULL,NULL,NULL,'gwgwthtr',2,4,1,2,5,7,'2019-04-14','2019-04-14','正常',''),(512,'题目430',NULL,NULL,NULL,NULL,NULL,'asdwgef',2,4,1,2,5,7,'2019-04-14','2019-04-14','正常',''),(513,'题目424',NULL,NULL,NULL,NULL,NULL,'grerqggqg',5,5,1,2,1,1,'2019-04-14','2019-04-14','正常',''),(514,'题目425',NULL,NULL,NULL,NULL,NULL,'grgqwg',5,5,1,2,1,1,'2019-04-14','2019-04-14','正常',''),(515,'题目426',NULL,NULL,NULL,NULL,NULL,'grgqwg',5,5,1,2,1,1,'2019-04-14','2019-04-14','正常',''),(516,'题目427',NULL,NULL,NULL,NULL,NULL,'grgqwg',5,5,1,2,2,1,'2019-04-14','2019-04-14','正常',''),(517,'题目428',NULL,NULL,NULL,NULL,NULL,'grerqggqg',5,5,1,2,2,1,'2019-04-14','2019-04-14','正常',''),(518,'题目429',NULL,NULL,NULL,NULL,NULL,'grgqwg',5,5,1,2,2,1,'2019-04-14','2019-04-14','正常',''),(519,'题目430',NULL,NULL,NULL,NULL,NULL,'grerqggqg',5,5,1,2,3,1,'2019-04-14','2019-04-14','正常',''),(520,'题目431',NULL,NULL,NULL,NULL,NULL,'grerqggqg',5,5,1,2,3,1,'2019-04-14','2019-04-14','正常',''),(521,'题目432',NULL,NULL,NULL,NULL,NULL,'grgqwg',5,5,1,2,3,1,'2019-04-14','2019-04-14','正常',''),(522,'题目433',NULL,NULL,NULL,NULL,NULL,'grerqggqg',5,5,1,2,4,1,'2019-04-14','2019-04-14','正常',''),(523,'题目434',NULL,NULL,NULL,NULL,NULL,'grgqwg',5,5,1,2,4,1,'2019-04-14','2019-04-14','正常',''),(524,'题目445',NULL,NULL,NULL,NULL,NULL,'grgqwg',5,5,1,2,4,1,'2019-04-14','2019-04-14','正常',''),(525,'题目446',NULL,NULL,NULL,NULL,NULL,'grgqwg',5,5,1,2,5,1,'2019-04-14','2019-04-14','正常',''),(526,'题目437',NULL,NULL,NULL,NULL,NULL,'grerqggqg',5,5,1,2,5,1,'2019-04-14','2019-04-14','正常',''),(527,'题目438',NULL,NULL,NULL,NULL,NULL,'grgqwg',5,5,1,2,5,1,'2019-04-14','2019-04-14','正常',''),(528,'题目439',NULL,NULL,NULL,NULL,NULL,'grerqggqg',5,5,1,2,1,2,'2019-04-14','2019-04-14','正常',''),(529,'题目440',NULL,NULL,NULL,NULL,NULL,'grgqwg',5,5,1,2,1,2,'2019-04-14','2019-04-14','正常',''),(530,'题目441',NULL,NULL,NULL,NULL,NULL,'grgqwg',5,5,1,2,1,2,'2019-04-14','2019-04-14','正常',''),(531,'题目442',NULL,NULL,NULL,NULL,NULL,'grgqwg',5,5,1,2,2,2,'2019-04-14','2019-04-14','正常',''),(532,'题目443',NULL,NULL,NULL,NULL,NULL,'grerqggqg',5,5,1,2,2,2,'2019-04-14','2019-04-14','正常',''),(533,'题目444',NULL,NULL,NULL,NULL,NULL,'grgqwg',5,5,1,2,2,2,'2019-04-14','2019-04-14','正常',''),(534,'题目445',NULL,NULL,NULL,NULL,NULL,'grerqggqg',5,5,1,2,3,2,'2019-04-14','2019-04-14','正常',''),(535,'题目446',NULL,NULL,NULL,NULL,NULL,'grerqggqg',5,5,1,2,3,2,'2019-04-14','2019-04-14','正常',''),(536,'题目447',NULL,NULL,NULL,NULL,NULL,'grgqwg',5,5,1,2,3,2,'2019-04-14','2019-04-14','正常',''),(537,'题目448',NULL,NULL,NULL,NULL,NULL,'grerqggqg',5,5,1,2,4,2,'2019-04-14','2019-04-14','正常',''),(538,'题目449',NULL,NULL,NULL,NULL,NULL,'grgqwg',5,5,1,2,4,2,'2019-04-14','2019-04-14','正常',''),(539,'题目450',NULL,NULL,NULL,NULL,NULL,'grgqwg',5,5,1,2,4,2,'2019-04-14','2019-04-14','正常',''),(540,'题目451',NULL,NULL,NULL,NULL,NULL,'grgqwg',5,5,1,2,5,2,'2019-04-14','2019-04-14','正常',''),(541,'题目452',NULL,NULL,NULL,NULL,NULL,'grerqggqg',5,5,1,2,5,2,'2019-04-14','2019-04-14','正常',''),(542,'题目453',NULL,NULL,NULL,NULL,NULL,'grgqwg',5,5,1,2,5,2,'2019-04-14','2019-04-14','正常',''),(543,'题目454',NULL,NULL,NULL,NULL,NULL,'grerqggqg',5,5,1,2,1,3,'2019-04-14','2019-04-14','正常',''),(544,'题目455',NULL,NULL,NULL,NULL,NULL,'grgqwg',5,5,1,2,1,3,'2019-04-14','2019-04-14','正常',''),(545,'题目456',NULL,NULL,NULL,NULL,NULL,'grgqwg',5,5,1,2,1,3,'2019-04-14','2019-04-14','正常',''),(546,'题目457',NULL,NULL,NULL,NULL,NULL,'grgqwg',5,5,1,2,2,3,'2019-04-14','2019-04-14','正常',''),(547,'题目458',NULL,NULL,NULL,NULL,NULL,'grerqggqg',5,5,1,2,2,3,'2019-04-14','2019-04-14','正常',''),(548,'题目459',NULL,NULL,NULL,NULL,NULL,'grgqwg',5,5,1,2,2,3,'2019-04-14','2019-04-14','正常',''),(549,'题目460',NULL,NULL,NULL,NULL,NULL,'grerqggqg',5,5,1,2,3,3,'2019-04-14','2019-04-14','正常',''),(550,'题目461',NULL,NULL,NULL,NULL,NULL,'grerqggqg',5,5,1,2,3,3,'2019-04-14','2019-04-14','正常',''),(551,'题目462',NULL,NULL,NULL,NULL,NULL,'grgqwg',5,5,1,2,3,3,'2019-04-14','2019-04-14','正常',''),(552,'题目463',NULL,NULL,NULL,NULL,NULL,'grerqggqg',5,5,1,2,4,3,'2019-04-14','2019-04-14','正常',''),(553,'题目464',NULL,NULL,NULL,NULL,NULL,'grgqwg',5,5,1,2,4,3,'2019-04-14','2019-04-14','正常',''),(554,'题目465',NULL,NULL,NULL,NULL,NULL,'grgqwg',5,5,1,2,4,3,'2019-04-14','2019-04-14','正常',''),(555,'题目466',NULL,NULL,NULL,NULL,NULL,'grgqwg',5,5,1,2,5,3,'2019-04-14','2019-04-14','正常',''),(556,'题目467',NULL,NULL,NULL,NULL,NULL,'grerqggqg',5,5,1,2,5,3,'2019-04-14','2019-04-14','正常',''),(557,'题目468',NULL,NULL,NULL,NULL,NULL,'grgqwg',5,5,1,2,5,3,'2019-04-14','2019-04-14','正常',''),(558,'题目469',NULL,NULL,NULL,NULL,NULL,'grerqggqg',5,5,1,2,1,4,'2019-04-14','2019-04-14','正常',''),(559,'题目470',NULL,NULL,NULL,NULL,NULL,'grgqwg',5,5,1,2,1,4,'2019-04-14','2019-04-14','正常',''),(560,'题目471',NULL,NULL,NULL,NULL,NULL,'grgqwg',5,5,1,2,1,4,'2019-04-14','2019-04-14','正常',''),(561,'题目472',NULL,NULL,NULL,NULL,NULL,'grgqwg',5,5,1,2,2,4,'2019-04-14','2019-04-14','正常',''),(562,'题目473',NULL,NULL,NULL,NULL,NULL,'grerqggqg',5,5,1,2,2,4,'2019-04-14','2019-04-14','正常',''),(563,'题目474',NULL,NULL,NULL,NULL,NULL,'grgqwg',5,5,1,2,2,4,'2019-04-14','2019-04-14','正常',''),(564,'题目475',NULL,NULL,NULL,NULL,NULL,'grerqggqg',5,5,1,2,3,4,'2019-04-14','2019-04-14','正常',''),(565,'题目476',NULL,NULL,NULL,NULL,NULL,'grerqggqg',5,5,1,2,3,4,'2019-04-14','2019-04-14','正常',''),(566,'题目477',NULL,NULL,NULL,NULL,NULL,'grgqwg',5,5,1,2,3,4,'2019-04-14','2019-04-14','正常',''),(567,'题目478',NULL,NULL,NULL,NULL,NULL,'grerqggqg',5,5,1,2,4,4,'2019-04-14','2019-04-14','正常',''),(568,'题目480',NULL,NULL,NULL,NULL,NULL,'grgqwg',5,5,1,2,4,4,'2019-04-14','2019-04-14','正常',''),(569,'题目482',NULL,NULL,NULL,NULL,NULL,'grgqwg',5,5,1,2,4,4,'2019-04-14','2019-04-14','正常',''),(570,'题目483',NULL,NULL,NULL,NULL,NULL,'grgqwg',5,5,1,2,5,4,'2019-04-14','2019-04-14','正常',''),(571,'题目484',NULL,NULL,NULL,NULL,NULL,'grerqggqg',5,5,1,2,5,4,'2019-04-14','2019-04-14','正常',''),(572,'题目485',NULL,NULL,NULL,NULL,NULL,'grgqwg',5,5,1,2,5,4,'2019-04-14','2019-04-14','正常',''),(573,'题目486',NULL,NULL,NULL,NULL,NULL,'grerqggqg',5,5,1,2,1,5,'2019-04-14','2019-04-14','正常',''),(574,'题目487',NULL,NULL,NULL,NULL,NULL,'grgqwg',5,5,1,2,1,5,'2019-04-14','2019-04-14','正常',''),(575,'题目488',NULL,NULL,NULL,NULL,NULL,'grgqwg',5,5,1,2,1,5,'2019-04-14','2019-04-14','正常',''),(576,'题目489',NULL,NULL,NULL,NULL,NULL,'grgqwg',5,5,1,2,2,5,'2019-04-14','2019-04-14','正常',''),(577,'题目490',NULL,NULL,NULL,NULL,NULL,'grerqggqg',5,5,1,2,2,5,'2019-04-14','2019-04-14','正常',''),(578,'题目491',NULL,NULL,NULL,NULL,NULL,'grgqwg',5,5,1,2,2,5,'2019-04-14','2019-04-14','正常',''),(579,'题目492',NULL,NULL,NULL,NULL,NULL,'grerqggqg',5,5,1,2,3,5,'2019-04-14','2019-04-14','正常',''),(580,'题目493',NULL,NULL,NULL,NULL,NULL,'grerqggqg',5,5,1,2,3,5,'2019-04-14','2019-04-14','正常',''),(581,'题目494',NULL,NULL,NULL,NULL,NULL,'grgqwg',5,5,1,2,3,5,'2019-04-14','2019-04-14','正常',''),(582,'题目495',NULL,NULL,NULL,NULL,NULL,'grerqggqg',5,5,1,2,4,5,'2019-04-14','2019-04-14','正常',''),(583,'题目496',NULL,NULL,NULL,NULL,NULL,'grgqwg',5,5,1,2,4,5,'2019-04-14','2019-04-14','正常',''),(584,'题目497',NULL,NULL,NULL,NULL,NULL,'grgqwg',5,5,1,2,4,5,'2019-04-14','2019-04-14','正常',''),(585,'题目498',NULL,NULL,NULL,NULL,NULL,'grgqwg',5,5,1,2,5,5,'2019-04-14','2019-04-14','正常',''),(586,'题目499',NULL,NULL,NULL,NULL,NULL,'grerqggqg',5,5,1,2,5,5,'2019-04-14','2019-04-14','正常',''),(587,'题目500',NULL,NULL,NULL,NULL,NULL,'grgqwg',5,5,1,2,5,5,'2019-04-14','2019-04-14','正常',''),(588,'题目501',NULL,NULL,NULL,NULL,NULL,'grerqggqg',5,5,1,2,1,6,'2019-04-14','2019-04-14','正常',''),(589,'题目502',NULL,NULL,NULL,NULL,NULL,'grgqwg',5,5,1,2,1,6,'2019-04-14','2019-04-14','正常',''),(590,'题目503',NULL,NULL,NULL,NULL,NULL,'grgqwg',5,5,1,2,1,6,'2019-04-14','2019-04-14','正常',''),(591,'题目504',NULL,NULL,NULL,NULL,NULL,'grgqwg',5,5,1,2,2,6,'2019-04-14','2019-04-14','正常',''),(592,'题目505',NULL,NULL,NULL,NULL,NULL,'grerqggqg',5,5,1,2,2,6,'2019-04-14','2019-04-14','正常',''),(593,'题目506',NULL,NULL,NULL,NULL,NULL,'grgqwg',5,5,1,2,2,6,'2019-04-14','2019-04-14','正常',''),(594,'题目507',NULL,NULL,NULL,NULL,NULL,'grerqggqg',5,5,1,2,3,6,'2019-04-14','2019-04-14','正常',''),(595,'题目508',NULL,NULL,NULL,NULL,NULL,'grerqggqg',5,5,1,2,3,6,'2019-04-14','2019-04-14','正常',''),(596,'题目509',NULL,NULL,NULL,NULL,NULL,'grgqwg',5,5,1,2,3,6,'2019-04-14','2019-04-14','正常',''),(597,'题目510',NULL,NULL,NULL,NULL,NULL,'grerqggqg',5,5,1,2,4,6,'2019-04-14','2019-04-14','正常',''),(598,'题目511',NULL,NULL,NULL,NULL,NULL,'grgqwg',5,5,1,2,4,6,'2019-04-14','2019-04-14','正常',''),(599,'题目512',NULL,NULL,NULL,NULL,NULL,'grgqwg',5,5,1,2,4,6,'2019-04-14','2019-04-14','正常',''),(600,'题目513',NULL,NULL,NULL,NULL,NULL,'grgqwg',5,5,1,2,5,6,'2019-04-14','2019-04-14','正常',''),(601,'题目514',NULL,NULL,NULL,NULL,NULL,'grerqggqg',5,5,1,2,5,6,'2019-04-14','2019-04-14','正常',''),(602,'题目515',NULL,NULL,NULL,NULL,NULL,'grgqwg',5,5,1,2,5,6,'2019-04-14','2019-04-14','正常',''),(603,'题目516',NULL,NULL,NULL,NULL,NULL,'grerqggqg',5,5,1,2,1,7,'2019-04-14','2019-04-14','正常',''),(604,'题目517',NULL,NULL,NULL,NULL,NULL,'grgqwg',5,5,1,2,1,7,'2019-04-14','2019-04-14','正常',''),(605,'题目518',NULL,NULL,NULL,NULL,NULL,'grgqwg',5,5,1,2,1,7,'2019-04-14','2019-04-14','正常',''),(606,'题目519',NULL,NULL,NULL,NULL,NULL,'grgqwg',5,5,1,2,2,7,'2019-04-14','2019-04-14','正常',''),(607,'题目520',NULL,NULL,NULL,NULL,NULL,'grerqggqg',5,5,1,2,2,7,'2019-04-14','2019-04-14','正常',''),(608,'题目521',NULL,NULL,NULL,NULL,NULL,'grgqwg',5,5,1,2,2,7,'2019-04-14','2019-04-14','正常',''),(609,'题目522',NULL,NULL,NULL,NULL,NULL,'grerqggqg',5,5,1,2,3,7,'2019-04-14','2019-04-14','正常',''),(610,'题目523',NULL,NULL,NULL,NULL,NULL,'grerqggqg',5,5,1,2,3,7,'2019-04-14','2019-04-14','正常',''),(611,'题目524',NULL,NULL,NULL,NULL,NULL,'grgqwg',5,5,1,2,3,7,'2019-04-14','2019-04-14','正常',''),(612,'题目525',NULL,NULL,NULL,NULL,NULL,'grerqggqg',5,5,1,2,4,7,'2019-04-14','2019-04-14','正常',''),(613,'题目526',NULL,NULL,NULL,NULL,NULL,'grgqwg',5,5,1,2,4,7,'2019-04-14','2019-04-14','正常',''),(614,'题目527',NULL,NULL,NULL,NULL,NULL,'grgqwg',5,5,1,2,4,7,'2019-04-14','2019-04-14','正常',''),(615,'题目528',NULL,NULL,NULL,NULL,NULL,'grgqwg',5,5,1,2,5,7,'2019-04-14','2019-04-14','正常',''),(616,'题目529',NULL,NULL,NULL,NULL,NULL,'grerqggqg',5,5,1,2,5,7,'2019-04-14','2019-04-14','正常',''),(617,'题目530',NULL,NULL,NULL,NULL,NULL,'grgqwg',5,5,1,2,5,7,'2019-04-14','2019-04-14','正常',''),(618,'题目624',NULL,NULL,NULL,NULL,NULL,'qwqgqerfg',10,6,1,2,1,1,'2019-04-14','2019-04-14','正常',''),(619,'题目625',NULL,NULL,NULL,NULL,NULL,'egqehreq',10,6,1,2,1,1,'2019-04-14','2019-04-14','正常',''),(620,'题目626',NULL,NULL,NULL,NULL,NULL,'egqehreq',10,6,1,2,1,1,'2019-04-14','2019-04-14','正常',''),(621,'题目627',NULL,NULL,NULL,NULL,NULL,'egqehreq',10,6,1,2,2,1,'2019-04-14','2019-04-14','正常',''),(622,'题目628',NULL,NULL,NULL,NULL,NULL,'qwqgqerfg',10,6,1,2,2,1,'2019-04-14','2019-04-14','正常',''),(623,'题目629',NULL,NULL,NULL,NULL,NULL,'egqehreq',10,6,1,2,2,1,'2019-04-14','2019-04-14','正常',''),(624,'题目630',NULL,NULL,NULL,NULL,NULL,'qwqgqerfg',10,6,1,2,3,1,'2019-04-14','2019-04-14','正常',''),(625,'题目631',NULL,NULL,NULL,NULL,NULL,'qwqgqerfg',10,6,1,2,3,1,'2019-04-14','2019-04-14','正常',''),(626,'题目632',NULL,NULL,NULL,NULL,NULL,'egqehreq',10,6,1,2,3,1,'2019-04-14','2019-04-14','正常',''),(627,'题目633',NULL,NULL,NULL,NULL,NULL,'qwqgqerfg',10,6,1,2,4,1,'2019-04-14','2019-04-14','正常',''),(628,'题目634',NULL,NULL,NULL,NULL,NULL,'egqehreq',10,6,1,2,4,1,'2019-04-14','2019-04-14','正常',''),(629,'题目645',NULL,NULL,NULL,NULL,NULL,'egqehreq',10,6,1,2,4,1,'2019-04-14','2019-04-14','正常',''),(630,'题目646',NULL,NULL,NULL,NULL,NULL,'egqehreq',10,6,1,2,5,1,'2019-04-14','2019-04-14','正常',''),(631,'题目637',NULL,NULL,NULL,NULL,NULL,'qwqgqerfg',10,6,1,2,5,1,'2019-04-14','2019-04-14','正常',''),(632,'题目638',NULL,NULL,NULL,NULL,NULL,'egqehreq',10,6,1,2,5,1,'2019-04-14','2019-04-14','正常',''),(633,'题目639',NULL,NULL,NULL,NULL,NULL,'qwqgqerfg',10,6,1,2,1,2,'2019-04-14','2019-04-14','正常',''),(634,'题目640',NULL,NULL,NULL,NULL,NULL,'egqehreq',10,6,1,2,1,2,'2019-04-14','2019-04-14','正常',''),(635,'题目641',NULL,NULL,NULL,NULL,NULL,'egqehreq',10,6,1,2,1,2,'2019-04-14','2019-04-14','正常',''),(636,'题目642',NULL,NULL,NULL,NULL,NULL,'egqehreq',10,6,1,2,2,2,'2019-04-14','2019-04-14','正常',''),(637,'题目643',NULL,NULL,NULL,NULL,NULL,'qwqgqerfg',10,6,1,2,2,2,'2019-04-14','2019-04-14','正常',''),(638,'题目644',NULL,NULL,NULL,NULL,NULL,'egqehreq',10,6,1,2,2,2,'2019-04-14','2019-04-14','正常',''),(639,'题目645',NULL,NULL,NULL,NULL,NULL,'qwqgqerfg',10,6,1,2,3,2,'2019-04-14','2019-04-14','正常',''),(640,'题目646',NULL,NULL,NULL,NULL,NULL,'qwqgqerfg',10,6,1,2,3,2,'2019-04-14','2019-04-14','正常',''),(641,'题目647',NULL,NULL,NULL,NULL,NULL,'egqehreq',10,6,1,2,3,2,'2019-04-14','2019-04-14','正常',''),(642,'题目648',NULL,NULL,NULL,NULL,NULL,'qwqgqerfg',10,6,1,2,4,2,'2019-04-14','2019-04-14','正常',''),(643,'题目649',NULL,NULL,NULL,NULL,NULL,'egqehreq',10,6,1,2,4,2,'2019-04-14','2019-04-14','正常',''),(644,'题目650',NULL,NULL,NULL,NULL,NULL,'egqehreq',10,6,1,2,4,2,'2019-04-14','2019-04-14','正常',''),(645,'题目651',NULL,NULL,NULL,NULL,NULL,'egqehreq',10,6,1,2,5,2,'2019-04-14','2019-04-14','正常',''),(646,'题目652',NULL,NULL,NULL,NULL,NULL,'qwqgqerfg',10,6,1,2,5,2,'2019-04-14','2019-04-14','正常',''),(647,'题目653',NULL,NULL,NULL,NULL,NULL,'egqehreq',10,6,1,2,5,2,'2019-04-14','2019-04-14','正常',''),(648,'题目654',NULL,NULL,NULL,NULL,NULL,'qwqgqerfg',10,6,1,2,1,3,'2019-04-14','2019-04-14','正常',''),(649,'题目655',NULL,NULL,NULL,NULL,NULL,'egqehreq',10,6,1,2,1,3,'2019-04-14','2019-04-14','正常',''),(650,'题目656',NULL,NULL,NULL,NULL,NULL,'egqehreq',10,6,1,2,1,3,'2019-04-14','2019-04-14','正常',''),(651,'题目657',NULL,NULL,NULL,NULL,NULL,'egqehreq',10,6,1,2,2,3,'2019-04-14','2019-04-14','正常',''),(652,'题目658',NULL,NULL,NULL,NULL,NULL,'qwqgqerfg',10,6,1,2,2,3,'2019-04-14','2019-04-14','正常',''),(653,'题目659',NULL,NULL,NULL,NULL,NULL,'egqehreq',10,6,1,2,2,3,'2019-04-14','2019-04-14','正常',''),(654,'题目660',NULL,NULL,NULL,NULL,NULL,'qwqgqerfg',10,6,1,2,3,3,'2019-04-14','2019-04-14','正常',''),(655,'题目661',NULL,NULL,NULL,NULL,NULL,'qwqgqerfg',10,6,1,2,3,3,'2019-04-14','2019-04-14','正常',''),(656,'题目662',NULL,NULL,NULL,NULL,NULL,'egqehreq',10,6,1,2,3,3,'2019-04-14','2019-04-14','正常',''),(657,'题目663',NULL,NULL,NULL,NULL,NULL,'qwqgqerfg',10,6,1,2,4,3,'2019-04-14','2019-04-14','正常',''),(658,'题目664',NULL,NULL,NULL,NULL,NULL,'egqehreq',10,6,1,2,4,3,'2019-04-14','2019-04-14','正常',''),(659,'题目665',NULL,NULL,NULL,NULL,NULL,'egqehreq',10,6,1,2,4,3,'2019-04-14','2019-04-14','正常',''),(660,'题目666',NULL,NULL,NULL,NULL,NULL,'egqehreq',10,6,1,2,5,3,'2019-04-14','2019-04-14','正常',''),(661,'题目667',NULL,NULL,NULL,NULL,NULL,'qwqgqerfg',10,6,1,2,5,3,'2019-04-14','2019-04-14','正常',''),(662,'题目668',NULL,NULL,NULL,NULL,NULL,'egqehreq',10,6,1,2,5,3,'2019-04-14','2019-04-14','正常',''),(663,'题目669',NULL,NULL,NULL,NULL,NULL,'qwqgqerfg',10,6,1,2,1,4,'2019-04-14','2019-04-14','正常',''),(664,'题目670',NULL,NULL,NULL,NULL,NULL,'egqehreq',10,6,1,2,1,4,'2019-04-14','2019-04-14','正常',''),(665,'题目671',NULL,NULL,NULL,NULL,NULL,'egqehreq',10,6,1,2,1,4,'2019-04-14','2019-04-14','正常',''),(666,'题目672',NULL,NULL,NULL,NULL,NULL,'egqehreq',10,6,1,2,2,4,'2019-04-14','2019-04-14','正常',''),(667,'题目673',NULL,NULL,NULL,NULL,NULL,'qwqgqerfg',10,6,1,2,2,4,'2019-04-14','2019-04-14','正常',''),(668,'题目674',NULL,NULL,NULL,NULL,NULL,'egqehreq',10,6,1,2,2,4,'2019-04-14','2019-04-14','正常',''),(669,'题目675',NULL,NULL,NULL,NULL,NULL,'qwqgqerfg',10,6,1,2,3,4,'2019-04-14','2019-04-14','正常',''),(670,'题目676',NULL,NULL,NULL,NULL,NULL,'qwqgqerfg',10,6,1,2,3,4,'2019-04-14','2019-04-14','正常',''),(671,'题目677',NULL,NULL,NULL,NULL,NULL,'egqehreq',10,6,1,2,3,4,'2019-04-14','2019-04-14','正常',''),(672,'题目678',NULL,NULL,NULL,NULL,NULL,'qwqgqerfg',10,6,1,2,4,4,'2019-04-14','2019-04-14','正常',''),(673,'题目680',NULL,NULL,NULL,NULL,NULL,'egqehreq',10,6,1,2,4,4,'2019-04-14','2019-04-14','正常',''),(674,'题目682',NULL,NULL,NULL,NULL,NULL,'egqehreq',10,6,1,2,4,4,'2019-04-14','2019-04-14','正常',''),(675,'题目683',NULL,NULL,NULL,NULL,NULL,'egqehreq',10,6,1,2,5,4,'2019-04-14','2019-04-14','正常',''),(676,'题目684',NULL,NULL,NULL,NULL,NULL,'qwqgqerfg',10,6,1,2,5,4,'2019-04-14','2019-04-14','正常',''),(677,'题目685',NULL,NULL,NULL,NULL,NULL,'egqehreq',10,6,1,2,5,4,'2019-04-14','2019-04-14','正常',''),(678,'题目686',NULL,NULL,NULL,NULL,NULL,'qwqgqerfg',10,6,1,2,1,5,'2019-04-14','2019-04-14','正常',''),(679,'题目687',NULL,NULL,NULL,NULL,NULL,'egqehreq',10,6,1,2,1,5,'2019-04-14','2019-04-14','正常',''),(680,'题目688',NULL,NULL,NULL,NULL,NULL,'egqehreq',10,6,1,2,1,5,'2019-04-14','2019-04-14','正常',''),(681,'题目689',NULL,NULL,NULL,NULL,NULL,'egqehreq',10,6,1,2,2,5,'2019-04-14','2019-04-14','正常',''),(682,'题目690',NULL,NULL,NULL,NULL,NULL,'qwqgqerfg',10,6,1,2,2,5,'2019-04-14','2019-04-14','正常',''),(683,'题目691',NULL,NULL,NULL,NULL,NULL,'egqehreq',10,6,1,2,2,5,'2019-04-14','2019-04-14','正常',''),(684,'题目692',NULL,NULL,NULL,NULL,NULL,'qwqgqerfg',10,6,1,2,3,5,'2019-04-14','2019-04-14','正常',''),(685,'题目693',NULL,NULL,NULL,NULL,NULL,'qwqgqerfg',10,6,1,2,3,5,'2019-04-14','2019-04-14','正常',''),(686,'题目694',NULL,NULL,NULL,NULL,NULL,'egqehreq',10,6,1,2,3,5,'2019-04-14','2019-04-14','正常',''),(687,'题目695',NULL,NULL,NULL,NULL,NULL,'qwqgqerfg',10,6,1,2,4,5,'2019-04-14','2019-04-14','正常',''),(688,'题目696',NULL,NULL,NULL,NULL,NULL,'egqehreq',10,6,1,2,4,5,'2019-04-14','2019-04-14','正常',''),(689,'题目697',NULL,NULL,NULL,NULL,NULL,'egqehreq',10,6,1,2,4,5,'2019-04-14','2019-04-14','正常',''),(690,'题目698',NULL,NULL,NULL,NULL,NULL,'egqehreq',10,6,1,2,5,5,'2019-04-14','2019-04-14','正常',''),(691,'题目699',NULL,NULL,NULL,NULL,NULL,'qwqgqerfg',10,6,1,2,5,5,'2019-04-14','2019-04-14','正常',''),(692,'题目700',NULL,NULL,NULL,NULL,NULL,'egqehreq',10,6,1,2,5,5,'2019-04-14','2019-04-14','正常',''),(693,'题目701',NULL,NULL,NULL,NULL,NULL,'qwqgqerfg',10,6,1,2,1,6,'2019-04-14','2019-04-14','正常',''),(694,'题目702',NULL,NULL,NULL,NULL,NULL,'egqehreq',10,6,1,2,1,6,'2019-04-14','2019-04-14','正常',''),(695,'题目703',NULL,NULL,NULL,NULL,NULL,'egqehreq',10,6,1,2,1,6,'2019-04-14','2019-04-14','正常',''),(696,'题目704',NULL,NULL,NULL,NULL,NULL,'egqehreq',10,6,1,2,2,6,'2019-04-14','2019-04-14','正常',''),(697,'题目705',NULL,NULL,NULL,NULL,NULL,'qwqgqerfg',10,6,1,2,2,6,'2019-04-14','2019-04-14','正常',''),(698,'题目706',NULL,NULL,NULL,NULL,NULL,'egqehreq',10,6,1,2,2,6,'2019-04-14','2019-04-14','正常',''),(699,'题目707',NULL,NULL,NULL,NULL,NULL,'qwqgqerfg',10,6,1,2,3,6,'2019-04-14','2019-04-14','正常',''),(700,'题目708',NULL,NULL,NULL,NULL,NULL,'qwqgqerfg',10,6,1,2,3,6,'2019-04-14','2019-04-14','正常',''),(701,'题目709',NULL,NULL,NULL,NULL,NULL,'egqehreq',10,6,1,2,3,6,'2019-04-14','2019-04-14','正常',''),(702,'题目710',NULL,NULL,NULL,NULL,NULL,'qwqgqerfg',10,6,1,2,4,6,'2019-04-14','2019-04-14','正常',''),(703,'题目711',NULL,NULL,NULL,NULL,NULL,'egqehreq',10,6,1,2,4,6,'2019-04-14','2019-04-14','正常',''),(704,'题目712',NULL,NULL,NULL,NULL,NULL,'egqehreq',10,6,1,2,4,6,'2019-04-14','2019-04-14','正常',''),(705,'题目713',NULL,NULL,NULL,NULL,NULL,'egqehreq',10,6,1,2,5,6,'2019-04-14','2019-04-14','正常',''),(706,'题目714',NULL,NULL,NULL,NULL,NULL,'qwqgqerfg',10,6,1,2,5,6,'2019-04-14','2019-04-14','正常',''),(707,'题目715',NULL,NULL,NULL,NULL,NULL,'egqehreq',10,6,1,2,5,6,'2019-04-14','2019-04-14','正常',''),(708,'题目716',NULL,NULL,NULL,NULL,NULL,'qwqgqerfg',10,6,1,2,1,7,'2019-04-14','2019-04-14','正常',''),(709,'题目717',NULL,NULL,NULL,NULL,NULL,'egqehreq',10,6,1,2,1,7,'2019-04-14','2019-04-14','正常',''),(710,'题目718',NULL,NULL,NULL,NULL,NULL,'egqehreq',10,6,1,2,1,7,'2019-04-14','2019-04-14','正常',''),(711,'题目719',NULL,NULL,NULL,NULL,NULL,'egqehreq',10,6,1,2,2,7,'2019-04-14','2019-04-14','正常',''),(712,'题目720',NULL,NULL,NULL,NULL,NULL,'qwqgqerfg',10,6,1,2,2,7,'2019-04-14','2019-04-14','正常',''),(713,'题目721',NULL,NULL,NULL,NULL,NULL,'egqehreq',10,6,1,2,2,7,'2019-04-14','2019-04-14','正常',''),(714,'题目722',NULL,NULL,NULL,NULL,NULL,'qwqgqerfg',10,6,1,2,3,7,'2019-04-14','2019-04-14','正常',''),(715,'题目723',NULL,NULL,NULL,NULL,NULL,'qwqgqerfg',10,6,1,2,3,7,'2019-04-14','2019-04-14','正常',''),(716,'题目724',NULL,NULL,NULL,NULL,NULL,'egqehreq',10,6,1,2,3,7,'2019-04-14','2019-04-14','正常',''),(717,'题目725',NULL,NULL,NULL,NULL,NULL,'qwqgqerfg',10,6,1,2,4,7,'2019-04-14','2019-04-14','正常',''),(718,'题目726',NULL,NULL,NULL,NULL,NULL,'egqehreq',10,6,1,2,4,7,'2019-04-14','2019-04-14','正常',''),(719,'题目727',NULL,NULL,NULL,NULL,NULL,'egqehreq',10,6,1,2,4,7,'2019-04-14','2019-04-14','正常',''),(720,'题目728',NULL,NULL,NULL,NULL,NULL,'egqehreq',10,6,1,2,5,7,'2019-04-14','2019-04-14','正常',''),(721,'题目729',NULL,NULL,NULL,NULL,NULL,'qwqgqerfg',10,6,1,2,5,7,'2019-04-14','2019-04-14','正常',''),(722,'题目730',NULL,NULL,NULL,NULL,NULL,'egqehreq',10,6,1,2,5,7,'2019-04-14','2019-04-14','正常',''),(723,'题目824',NULL,NULL,NULL,NULL,NULL,'gjtdkshgaegaeg',10,7,1,2,1,1,'2019-04-14','2019-04-14','正常',''),(724,'题目825',NULL,NULL,NULL,NULL,NULL,'wagwqfwFSAF',10,7,1,2,1,1,'2019-04-14','2019-04-14','正常',''),(725,'题目826',NULL,NULL,NULL,NULL,NULL,'wagwqfwFSAF',10,7,1,2,1,1,'2019-04-14','2019-04-14','正常',''),(726,'题目827',NULL,NULL,NULL,NULL,NULL,'wagwqfwFSAF',10,7,1,2,2,1,'2019-04-14','2019-04-14','正常',''),(727,'题目828',NULL,NULL,NULL,NULL,NULL,'gjtdkshgaegaeg',10,7,1,2,2,1,'2019-04-14','2019-04-14','正常',''),(728,'题目829',NULL,NULL,NULL,NULL,NULL,'wagwqfwFSAF',10,7,1,2,2,1,'2019-04-14','2019-04-14','正常',''),(729,'题目830',NULL,NULL,NULL,NULL,NULL,'gjtdkshgaegaeg',10,7,1,2,3,1,'2019-04-14','2019-04-14','正常',''),(730,'题目831',NULL,NULL,NULL,NULL,NULL,'gjtdkshgaegaeg',10,7,1,2,3,1,'2019-04-14','2019-04-14','正常',''),(731,'题目832',NULL,NULL,NULL,NULL,NULL,'wagwqfwFSAF',10,7,1,2,3,1,'2019-04-14','2019-04-14','正常',''),(732,'题目833',NULL,NULL,NULL,NULL,NULL,'gjtdkshgaegaeg',10,7,1,2,4,1,'2019-04-14','2019-04-14','正常',''),(733,'题目834',NULL,NULL,NULL,NULL,NULL,'wagwqfwFSAF',10,7,1,2,4,1,'2019-04-14','2019-04-14','正常',''),(734,'题目845',NULL,NULL,NULL,NULL,NULL,'wagwqfwFSAF',10,7,1,2,4,1,'2019-04-14','2019-04-14','正常',''),(735,'题目846',NULL,NULL,NULL,NULL,NULL,'wagwqfwFSAF',10,7,1,2,5,1,'2019-04-14','2019-04-14','正常',''),(736,'题目837',NULL,NULL,NULL,NULL,NULL,'gjtdkshgaegaeg',10,7,1,2,5,1,'2019-04-14','2019-04-14','正常',''),(737,'题目838',NULL,NULL,NULL,NULL,NULL,'wagwqfwFSAF',10,7,1,2,5,1,'2019-04-14','2019-04-14','正常',''),(738,'题目839',NULL,NULL,NULL,NULL,NULL,'gjtdkshgaegaeg',10,7,1,2,1,2,'2019-04-14','2019-04-14','正常',''),(739,'题目840',NULL,NULL,NULL,NULL,NULL,'wagwqfwFSAF',10,7,1,2,1,2,'2019-04-14','2019-04-14','正常',''),(740,'题目841',NULL,NULL,NULL,NULL,NULL,'wagwqfwFSAF',10,7,1,2,1,2,'2019-04-14','2019-04-14','正常',''),(741,'题目842',NULL,NULL,NULL,NULL,NULL,'wagwqfwFSAF',10,7,1,2,2,2,'2019-04-14','2019-04-14','正常',''),(742,'题目843',NULL,NULL,NULL,NULL,NULL,'gjtdkshgaegaeg',10,7,1,2,2,2,'2019-04-14','2019-04-14','正常',''),(743,'题目844',NULL,NULL,NULL,NULL,NULL,'wagwqfwFSAF',10,7,1,2,2,2,'2019-04-14','2019-04-14','正常',''),(744,'题目845',NULL,NULL,NULL,NULL,NULL,'gjtdkshgaegaeg',10,7,1,2,3,2,'2019-04-14','2019-04-14','正常',''),(745,'题目846',NULL,NULL,NULL,NULL,NULL,'gjtdkshgaegaeg',10,7,1,2,3,2,'2019-04-14','2019-04-14','正常',''),(746,'题目847',NULL,NULL,NULL,NULL,NULL,'wagwqfwFSAF',10,7,1,2,3,2,'2019-04-14','2019-04-14','正常',''),(747,'题目848',NULL,NULL,NULL,NULL,NULL,'gjtdkshgaegaeg',10,7,1,2,4,2,'2019-04-14','2019-04-14','正常',''),(748,'题目849',NULL,NULL,NULL,NULL,NULL,'wagwqfwFSAF',10,7,1,2,4,2,'2019-04-14','2019-04-14','正常',''),(749,'题目850',NULL,NULL,NULL,NULL,NULL,'wagwqfwFSAF',10,7,1,2,4,2,'2019-04-14','2019-04-14','正常',''),(750,'题目851',NULL,NULL,NULL,NULL,NULL,'wagwqfwFSAF',10,7,1,2,5,2,'2019-04-14','2019-04-14','正常',''),(751,'题目852',NULL,NULL,NULL,NULL,NULL,'gjtdkshgaegaeg',10,7,1,2,5,2,'2019-04-14','2019-04-14','正常',''),(752,'题目853',NULL,NULL,NULL,NULL,NULL,'wagwqfwFSAF',10,7,1,2,5,2,'2019-04-14','2019-04-14','正常',''),(753,'题目854',NULL,NULL,NULL,NULL,NULL,'gjtdkshgaegaeg',10,7,1,2,1,3,'2019-04-14','2019-04-14','正常',''),(754,'题目855',NULL,NULL,NULL,NULL,NULL,'wagwqfwFSAF',10,7,1,2,1,3,'2019-04-14','2019-04-14','正常',''),(755,'题目856',NULL,NULL,NULL,NULL,NULL,'wagwqfwFSAF',10,7,1,2,1,3,'2019-04-14','2019-04-14','正常',''),(756,'题目857',NULL,NULL,NULL,NULL,NULL,'wagwqfwFSAF',10,7,1,2,2,3,'2019-04-14','2019-04-14','正常',''),(757,'题目858',NULL,NULL,NULL,NULL,NULL,'gjtdkshgaegaeg',10,7,1,2,2,3,'2019-04-14','2019-04-14','正常',''),(758,'题目859',NULL,NULL,NULL,NULL,NULL,'wagwqfwFSAF',10,7,1,2,2,3,'2019-04-14','2019-04-14','正常',''),(759,'题目860',NULL,NULL,NULL,NULL,NULL,'gjtdkshgaegaeg',10,7,1,2,3,3,'2019-04-14','2019-04-14','正常',''),(760,'题目861',NULL,NULL,NULL,NULL,NULL,'gjtdkshgaegaeg',10,7,1,2,3,3,'2019-04-14','2019-04-14','正常',''),(761,'题目862',NULL,NULL,NULL,NULL,NULL,'wagwqfwFSAF',10,7,1,2,3,3,'2019-04-14','2019-04-14','正常',''),(762,'题目863',NULL,NULL,NULL,NULL,NULL,'gjtdkshgaegaeg',10,7,1,2,4,3,'2019-04-14','2019-04-14','正常',''),(763,'题目864',NULL,NULL,NULL,NULL,NULL,'wagwqfwFSAF',10,7,1,2,4,3,'2019-04-14','2019-04-14','正常',''),(764,'题目865',NULL,NULL,NULL,NULL,NULL,'wagwqfwFSAF',10,7,1,2,4,3,'2019-04-14','2019-04-14','正常',''),(765,'题目866',NULL,NULL,NULL,NULL,NULL,'wagwqfwFSAF',10,7,1,2,5,3,'2019-04-14','2019-04-14','正常',''),(766,'题目867',NULL,NULL,NULL,NULL,NULL,'gjtdkshgaegaeg',10,7,1,2,5,3,'2019-04-14','2019-04-14','正常',''),(767,'题目868',NULL,NULL,NULL,NULL,NULL,'wagwqfwFSAF',10,7,1,2,5,3,'2019-04-14','2019-04-14','正常',''),(768,'题目869',NULL,NULL,NULL,NULL,NULL,'gjtdkshgaegaeg',10,7,1,2,1,4,'2019-04-14','2019-04-14','正常',''),(769,'题目870',NULL,NULL,NULL,NULL,NULL,'wagwqfwFSAF',10,7,1,2,1,4,'2019-04-14','2019-04-14','正常',''),(770,'题目871',NULL,NULL,NULL,NULL,NULL,'wagwqfwFSAF',10,7,1,2,1,4,'2019-04-14','2019-04-14','正常',''),(771,'题目872',NULL,NULL,NULL,NULL,NULL,'wagwqfwFSAF',10,7,1,2,2,4,'2019-04-14','2019-04-14','正常',''),(772,'题目873',NULL,NULL,NULL,NULL,NULL,'gjtdkshgaegaeg',10,7,1,2,2,4,'2019-04-14','2019-04-14','正常',''),(773,'题目874',NULL,NULL,NULL,NULL,NULL,'wagwqfwFSAF',10,7,1,2,2,4,'2019-04-14','2019-04-14','正常',''),(774,'题目875',NULL,NULL,NULL,NULL,NULL,'gjtdkshgaegaeg',10,7,1,2,3,4,'2019-04-14','2019-04-14','正常',''),(775,'题目876',NULL,NULL,NULL,NULL,NULL,'gjtdkshgaegaeg',10,7,1,2,3,4,'2019-04-14','2019-04-14','正常',''),(776,'题目877',NULL,NULL,NULL,NULL,NULL,'wagwqfwFSAF',10,7,1,2,3,4,'2019-04-14','2019-04-14','正常',''),(777,'题目878',NULL,NULL,NULL,NULL,NULL,'gjtdkshgaegaeg',10,7,1,2,4,4,'2019-04-14','2019-04-14','正常',''),(778,'题目880',NULL,NULL,NULL,NULL,NULL,'wagwqfwFSAF',10,7,1,2,4,4,'2019-04-14','2019-04-14','正常',''),(779,'题目882',NULL,NULL,NULL,NULL,NULL,'wagwqfwFSAF',10,7,1,2,4,4,'2019-04-14','2019-04-14','正常',''),(780,'题目883',NULL,NULL,NULL,NULL,NULL,'wagwqfwFSAF',10,7,1,2,5,4,'2019-04-14','2019-04-14','正常',''),(781,'题目884',NULL,NULL,NULL,NULL,NULL,'gjtdkshgaegaeg',10,7,1,2,5,4,'2019-04-14','2019-04-14','正常',''),(782,'题目885',NULL,NULL,NULL,NULL,NULL,'wagwqfwFSAF',10,7,1,2,5,4,'2019-04-14','2019-04-14','正常',''),(783,'题目886',NULL,NULL,NULL,NULL,NULL,'gjtdkshgaegaeg',10,7,1,2,1,5,'2019-04-14','2019-04-14','正常',''),(784,'题目887',NULL,NULL,NULL,NULL,NULL,'wagwqfwFSAF',10,7,1,2,1,5,'2019-04-14','2019-04-14','正常',''),(785,'题目888',NULL,NULL,NULL,NULL,NULL,'wagwqfwFSAF',10,7,1,2,1,5,'2019-04-14','2019-04-14','正常',''),(786,'题目889',NULL,NULL,NULL,NULL,NULL,'wagwqfwFSAF',10,7,1,2,2,5,'2019-04-14','2019-04-14','正常',''),(787,'题目890',NULL,NULL,NULL,NULL,NULL,'gjtdkshgaegaeg',10,7,1,2,2,5,'2019-04-14','2019-04-14','正常',''),(788,'题目891',NULL,NULL,NULL,NULL,NULL,'wagwqfwFSAF',10,7,1,2,2,5,'2019-04-14','2019-04-14','正常',''),(789,'题目892',NULL,NULL,NULL,NULL,NULL,'gjtdkshgaegaeg',10,7,1,2,3,5,'2019-04-14','2019-04-14','正常',''),(790,'题目893',NULL,NULL,NULL,NULL,NULL,'gjtdkshgaegaeg',10,7,1,2,3,5,'2019-04-14','2019-04-14','正常',''),(791,'题目894',NULL,NULL,NULL,NULL,NULL,'wagwqfwFSAF',10,7,1,2,3,5,'2019-04-14','2019-04-14','正常',''),(792,'题目895',NULL,NULL,NULL,NULL,NULL,'gjtdkshgaegaeg',10,7,1,2,4,5,'2019-04-14','2019-04-14','正常',''),(793,'题目896',NULL,NULL,NULL,NULL,NULL,'wagwqfwFSAF',10,7,1,2,4,5,'2019-04-14','2019-04-14','正常',''),(794,'题目897',NULL,NULL,NULL,NULL,NULL,'wagwqfwFSAF',10,7,1,2,4,5,'2019-04-14','2019-04-14','正常',''),(795,'题目898',NULL,NULL,NULL,NULL,NULL,'wagwqfwFSAF',10,7,1,2,5,5,'2019-04-14','2019-04-14','正常',''),(796,'题目899',NULL,NULL,NULL,NULL,NULL,'gjtdkshgaegaeg',10,7,1,2,5,5,'2019-04-14','2019-04-14','正常',''),(797,'题目900',NULL,NULL,NULL,NULL,NULL,'wagwqfwFSAF',10,7,1,2,5,5,'2019-04-14','2019-04-14','正常',''),(798,'题目901',NULL,NULL,NULL,NULL,NULL,'gjtdkshgaegaeg',10,7,1,2,1,6,'2019-04-14','2019-04-14','正常',''),(799,'题目902',NULL,NULL,NULL,NULL,NULL,'wagwqfwFSAF',10,7,1,2,1,6,'2019-04-14','2019-04-14','正常',''),(800,'题目903',NULL,NULL,NULL,NULL,NULL,'wagwqfwFSAF',10,7,1,2,1,6,'2019-04-14','2019-04-14','正常',''),(801,'题目904',NULL,NULL,NULL,NULL,NULL,'wagwqfwFSAF',10,7,1,2,2,6,'2019-04-14','2019-04-14','正常',''),(802,'题目905',NULL,NULL,NULL,NULL,NULL,'gjtdkshgaegaeg',10,7,1,2,2,6,'2019-04-14','2019-04-14','正常',''),(803,'题目906',NULL,NULL,NULL,NULL,NULL,'wagwqfwFSAF',10,7,1,2,2,6,'2019-04-14','2019-04-14','正常',''),(804,'题目907',NULL,NULL,NULL,NULL,NULL,'gjtdkshgaegaeg',10,7,1,2,3,6,'2019-04-14','2019-04-14','正常',''),(805,'题目908',NULL,NULL,NULL,NULL,NULL,'gjtdkshgaegaeg',10,7,1,2,3,6,'2019-04-14','2019-04-14','正常',''),(806,'题目909',NULL,NULL,NULL,NULL,NULL,'wagwqfwFSAF',10,7,1,2,3,6,'2019-04-14','2019-04-14','正常',''),(807,'题目910',NULL,NULL,NULL,NULL,NULL,'gjtdkshgaegaeg',10,7,1,2,4,6,'2019-04-14','2019-04-14','正常',''),(808,'题目911',NULL,NULL,NULL,NULL,NULL,'wagwqfwFSAF',10,7,1,2,4,6,'2019-04-14','2019-04-14','正常',''),(809,'题目912',NULL,NULL,NULL,NULL,NULL,'wagwqfwFSAF',10,7,1,2,4,6,'2019-04-14','2019-04-14','正常',''),(810,'题目913',NULL,NULL,NULL,NULL,NULL,'wagwqfwFSAF',10,7,1,2,5,6,'2019-04-14','2019-04-14','正常',''),(811,'题目914',NULL,NULL,NULL,NULL,NULL,'gjtdkshgaegaeg',10,7,1,2,5,6,'2019-04-14','2019-04-14','正常',''),(812,'题目915',NULL,NULL,NULL,NULL,NULL,'wagwqfwFSAF',10,7,1,2,5,6,'2019-04-14','2019-04-14','正常',''),(813,'题目916',NULL,NULL,NULL,NULL,NULL,'gjtdkshgaegaeg',10,7,1,2,1,7,'2019-04-14','2019-04-14','正常',''),(814,'题目917',NULL,NULL,NULL,NULL,NULL,'wagwqfwFSAF',10,7,1,2,1,7,'2019-04-14','2019-04-14','正常',''),(815,'题目918',NULL,NULL,NULL,NULL,NULL,'wagwqfwFSAF',10,7,1,2,1,7,'2019-04-14','2019-04-14','正常',''),(816,'题目919',NULL,NULL,NULL,NULL,NULL,'wagwqfwFSAF',10,7,1,2,2,7,'2019-04-14','2019-04-14','正常',''),(817,'题目920',NULL,NULL,NULL,NULL,NULL,'gjtdkshgaegaeg',10,7,1,2,2,7,'2019-04-14','2019-04-14','正常',''),(818,'题目921',NULL,NULL,NULL,NULL,NULL,'wagwqfwFSAF',10,7,1,2,2,7,'2019-04-14','2019-04-14','正常',''),(819,'题目922',NULL,NULL,NULL,NULL,NULL,'gjtdkshgaegaeg',10,7,1,2,3,7,'2019-04-14','2019-04-14','正常',''),(820,'题目923',NULL,NULL,NULL,NULL,NULL,'gjtdkshgaegaeg',10,7,1,2,3,7,'2019-04-14','2019-04-14','正常',''),(821,'题目924',NULL,NULL,NULL,NULL,NULL,'wagwqfwFSAF',10,7,1,2,3,7,'2019-04-14','2019-04-14','正常',''),(822,'题目925',NULL,NULL,NULL,NULL,NULL,'gjtdkshgaegaeg',10,7,1,2,4,7,'2019-04-14','2019-04-14','正常',''),(823,'题目926',NULL,NULL,NULL,NULL,NULL,'wagwqfwFSAF',10,7,1,2,4,7,'2019-04-14','2019-04-14','正常',''),(824,'题目927',NULL,NULL,NULL,NULL,NULL,'wagwqfwFSAF',10,7,1,2,4,7,'2019-04-14','2019-04-14','正常',''),(825,'题目928',NULL,NULL,NULL,NULL,NULL,'wagwqfwFSAF',10,7,1,2,5,7,'2019-04-14','2019-04-14','正常',''),(826,'题目929',NULL,NULL,NULL,NULL,NULL,'gjtdkshgaegaeg',10,7,1,2,5,7,'2019-04-14','2019-04-14','正常',''),(827,'题目930',NULL,NULL,NULL,NULL,NULL,'wagwqfwFSAF',10,7,1,2,5,7,'2019-04-14','2019-04-14','正常',''),(828,'题目1024',NULL,NULL,NULL,NULL,NULL,'vaerhgaerhreh',10,8,1,2,1,1,'2019-04-14','2019-04-14','正常',''),(829,'题目1025',NULL,NULL,NULL,NULL,NULL,'brhjyjaewt23432dsaf',10,8,1,2,1,1,'2019-04-14','2019-04-14','正常',''),(830,'题目1026',NULL,NULL,NULL,NULL,NULL,'brhjyjaewt23432dsaf',10,8,1,2,1,1,'2019-04-14','2019-04-14','正常',''),(831,'题目1027',NULL,NULL,NULL,NULL,NULL,'brhjyjaewt23432dsaf',10,8,1,2,2,1,'2019-04-14','2019-04-14','正常',''),(832,'题目1028',NULL,NULL,NULL,NULL,NULL,'vaerhgaerhreh',10,8,1,2,2,1,'2019-04-14','2019-04-14','正常',''),(833,'题目1029',NULL,NULL,NULL,NULL,NULL,'brhjyjaewt23432dsaf',10,8,1,2,2,1,'2019-04-14','2019-04-14','正常',''),(834,'题目1030',NULL,NULL,NULL,NULL,NULL,'vaerhgaerhreh',10,8,1,2,3,1,'2019-04-14','2019-04-14','正常',''),(835,'题目1031',NULL,NULL,NULL,NULL,NULL,'vaerhgaerhreh',10,8,1,2,3,1,'2019-04-14','2019-04-14','正常',''),(836,'题目1032',NULL,NULL,NULL,NULL,NULL,'brhjyjaewt23432dsaf',10,8,1,2,3,1,'2019-04-14','2019-04-14','正常',''),(837,'题目1033',NULL,NULL,NULL,NULL,NULL,'vaerhgaerhreh',10,8,1,2,4,1,'2019-04-14','2019-04-14','正常',''),(838,'题目1034',NULL,NULL,NULL,NULL,NULL,'brhjyjaewt23432dsaf',10,8,1,2,4,1,'2019-04-14','2019-04-14','正常',''),(839,'题目1045',NULL,NULL,NULL,NULL,NULL,'brhjyjaewt23432dsaf',10,8,1,2,4,1,'2019-04-14','2019-04-14','正常',''),(840,'题目1046',NULL,NULL,NULL,NULL,NULL,'brhjyjaewt23432dsaf',10,8,1,2,5,1,'2019-04-14','2019-04-14','正常',''),(841,'题目1037',NULL,NULL,NULL,NULL,NULL,'vaerhgaerhreh',10,8,1,2,5,1,'2019-04-14','2019-04-14','正常',''),(842,'题目1038',NULL,NULL,NULL,NULL,NULL,'brhjyjaewt23432dsaf',10,8,1,2,5,1,'2019-04-14','2019-04-14','正常',''),(843,'题目1039',NULL,NULL,NULL,NULL,NULL,'vaerhgaerhreh',10,8,1,2,1,2,'2019-04-14','2019-04-14','正常',''),(844,'题目1040',NULL,NULL,NULL,NULL,NULL,'brhjyjaewt23432dsaf',10,8,1,2,1,2,'2019-04-14','2019-04-14','正常',''),(845,'题目1041',NULL,NULL,NULL,NULL,NULL,'brhjyjaewt23432dsaf',10,8,1,2,1,2,'2019-04-14','2019-04-14','正常',''),(846,'题目1042',NULL,NULL,NULL,NULL,NULL,'brhjyjaewt23432dsaf',10,8,1,2,2,2,'2019-04-14','2019-04-14','正常',''),(847,'题目1043',NULL,NULL,NULL,NULL,NULL,'vaerhgaerhreh',10,8,1,2,2,2,'2019-04-14','2019-04-14','正常',''),(848,'题目1044',NULL,NULL,NULL,NULL,NULL,'brhjyjaewt23432dsaf',10,8,1,2,2,2,'2019-04-14','2019-04-14','正常',''),(849,'题目1045',NULL,NULL,NULL,NULL,NULL,'vaerhgaerhreh',10,8,1,2,3,2,'2019-04-14','2019-04-14','正常',''),(850,'题目1046',NULL,NULL,NULL,NULL,NULL,'vaerhgaerhreh',10,8,1,2,3,2,'2019-04-14','2019-04-14','正常',''),(851,'题目1047',NULL,NULL,NULL,NULL,NULL,'brhjyjaewt23432dsaf',10,8,1,2,3,2,'2019-04-14','2019-04-14','正常',''),(852,'题目1048',NULL,NULL,NULL,NULL,NULL,'vaerhgaerhreh',10,8,1,2,4,2,'2019-04-14','2019-04-14','正常',''),(853,'题目1049',NULL,NULL,NULL,NULL,NULL,'brhjyjaewt23432dsaf',10,8,1,2,4,2,'2019-04-14','2019-04-14','正常',''),(854,'题目1050',NULL,NULL,NULL,NULL,NULL,'brhjyjaewt23432dsaf',10,8,1,2,4,2,'2019-04-14','2019-04-14','正常',''),(855,'题目1051',NULL,NULL,NULL,NULL,NULL,'brhjyjaewt23432dsaf',10,8,1,2,5,2,'2019-04-14','2019-04-14','正常',''),(856,'题目1052',NULL,NULL,NULL,NULL,NULL,'vaerhgaerhreh',10,8,1,2,5,2,'2019-04-14','2019-04-14','正常',''),(857,'题目1053',NULL,NULL,NULL,NULL,NULL,'brhjyjaewt23432dsaf',10,8,1,2,5,2,'2019-04-14','2019-04-14','正常',''),(858,'题目1054',NULL,NULL,NULL,NULL,NULL,'vaerhgaerhreh',10,8,1,2,1,3,'2019-04-14','2019-04-14','正常',''),(859,'题目1055',NULL,NULL,NULL,NULL,NULL,'brhjyjaewt23432dsaf',10,8,1,2,1,3,'2019-04-14','2019-04-14','正常',''),(860,'题目1056',NULL,NULL,NULL,NULL,NULL,'brhjyjaewt23432dsaf',10,8,1,2,1,3,'2019-04-14','2019-04-14','正常',''),(861,'题目1057',NULL,NULL,NULL,NULL,NULL,'brhjyjaewt23432dsaf',10,8,1,2,2,3,'2019-04-14','2019-04-14','正常',''),(862,'题目1058',NULL,NULL,NULL,NULL,NULL,'vaerhgaerhreh',10,8,1,2,2,3,'2019-04-14','2019-04-14','正常',''),(863,'题目1059',NULL,NULL,NULL,NULL,NULL,'brhjyjaewt23432dsaf',10,8,1,2,2,3,'2019-04-14','2019-04-14','正常',''),(864,'题目1060',NULL,NULL,NULL,NULL,NULL,'vaerhgaerhreh',10,8,1,2,3,3,'2019-04-14','2019-04-14','正常',''),(865,'题目1061',NULL,NULL,NULL,NULL,NULL,'vaerhgaerhreh',10,8,1,2,3,3,'2019-04-14','2019-04-14','正常',''),(866,'题目1062',NULL,NULL,NULL,NULL,NULL,'brhjyjaewt23432dsaf',10,8,1,2,3,3,'2019-04-14','2019-04-14','正常',''),(867,'题目1063',NULL,NULL,NULL,NULL,NULL,'vaerhgaerhreh',10,8,1,2,4,3,'2019-04-14','2019-04-14','正常',''),(868,'题目1064',NULL,NULL,NULL,NULL,NULL,'brhjyjaewt23432dsaf',10,8,1,2,4,3,'2019-04-14','2019-04-14','正常',''),(869,'题目1065',NULL,NULL,NULL,NULL,NULL,'brhjyjaewt23432dsaf',10,8,1,2,4,3,'2019-04-14','2019-04-14','正常',''),(870,'题目1066',NULL,NULL,NULL,NULL,NULL,'brhjyjaewt23432dsaf',10,8,1,2,5,3,'2019-04-14','2019-04-14','正常',''),(871,'题目1067',NULL,NULL,NULL,NULL,NULL,'vaerhgaerhreh',10,8,1,2,5,3,'2019-04-14','2019-04-14','正常',''),(872,'题目1068',NULL,NULL,NULL,NULL,NULL,'brhjyjaewt23432dsaf',10,8,1,2,5,3,'2019-04-14','2019-04-14','正常',''),(873,'题目1069',NULL,NULL,NULL,NULL,NULL,'vaerhgaerhreh',10,8,1,2,1,4,'2019-04-14','2019-04-14','正常',''),(874,'题目1070',NULL,NULL,NULL,NULL,NULL,'brhjyjaewt23432dsaf',10,8,1,2,1,4,'2019-04-14','2019-04-14','正常',''),(875,'题目1071',NULL,NULL,NULL,NULL,NULL,'brhjyjaewt23432dsaf',10,8,1,2,1,4,'2019-04-14','2019-04-14','正常',''),(876,'题目1072',NULL,NULL,NULL,NULL,NULL,'brhjyjaewt23432dsaf',10,8,1,2,2,4,'2019-04-14','2019-04-14','正常',''),(877,'题目1073',NULL,NULL,NULL,NULL,NULL,'vaerhgaerhreh',10,8,1,2,2,4,'2019-04-14','2019-04-14','正常',''),(878,'题目1074',NULL,NULL,NULL,NULL,NULL,'brhjyjaewt23432dsaf',10,8,1,2,2,4,'2019-04-14','2019-04-14','正常',''),(879,'题目1075',NULL,NULL,NULL,NULL,NULL,'vaerhgaerhreh',10,8,1,2,3,4,'2019-04-14','2019-04-14','正常',''),(880,'题目1076',NULL,NULL,NULL,NULL,NULL,'vaerhgaerhreh',10,8,1,2,3,4,'2019-04-14','2019-04-14','正常',''),(881,'题目1077',NULL,NULL,NULL,NULL,NULL,'brhjyjaewt23432dsaf',10,8,1,2,3,4,'2019-04-14','2019-04-14','正常',''),(882,'题目1078',NULL,NULL,NULL,NULL,NULL,'vaerhgaerhreh',10,8,1,2,4,4,'2019-04-14','2019-04-14','正常',''),(883,'题目1080',NULL,NULL,NULL,NULL,NULL,'brhjyjaewt23432dsaf',10,8,1,2,4,4,'2019-04-14','2019-04-14','正常',''),(884,'题目1082',NULL,NULL,NULL,NULL,NULL,'brhjyjaewt23432dsaf',10,8,1,2,4,4,'2019-04-14','2019-04-14','正常',''),(885,'题目1083',NULL,NULL,NULL,NULL,NULL,'brhjyjaewt23432dsaf',10,8,1,2,5,4,'2019-04-14','2019-04-14','正常',''),(886,'题目1084',NULL,NULL,NULL,NULL,NULL,'vaerhgaerhreh',10,8,1,2,5,4,'2019-04-14','2019-04-14','正常',''),(887,'题目1085',NULL,NULL,NULL,NULL,NULL,'brhjyjaewt23432dsaf',10,8,1,2,5,4,'2019-04-14','2019-04-14','正常',''),(888,'题目1086',NULL,NULL,NULL,NULL,NULL,'vaerhgaerhreh',10,8,1,2,1,5,'2019-04-14','2019-04-14','正常',''),(889,'题目1087',NULL,NULL,NULL,NULL,NULL,'brhjyjaewt23432dsaf',10,8,1,2,1,5,'2019-04-14','2019-04-14','正常',''),(890,'题目1088',NULL,NULL,NULL,NULL,NULL,'brhjyjaewt23432dsaf',10,8,1,2,1,5,'2019-04-14','2019-04-14','正常',''),(891,'题目1089',NULL,NULL,NULL,NULL,NULL,'brhjyjaewt23432dsaf',10,8,1,2,2,5,'2019-04-14','2019-04-14','正常',''),(892,'题目1090',NULL,NULL,NULL,NULL,NULL,'vaerhgaerhreh',10,8,1,2,2,5,'2019-04-14','2019-04-14','正常',''),(893,'题目1091',NULL,NULL,NULL,NULL,NULL,'brhjyjaewt23432dsaf',10,8,1,2,2,5,'2019-04-14','2019-04-14','正常',''),(894,'题目1092',NULL,NULL,NULL,NULL,NULL,'vaerhgaerhreh',10,8,1,2,3,5,'2019-04-14','2019-04-14','正常',''),(895,'题目1093',NULL,NULL,NULL,NULL,NULL,'vaerhgaerhreh',10,8,1,2,3,5,'2019-04-14','2019-04-14','正常',''),(896,'题目1094',NULL,NULL,NULL,NULL,NULL,'brhjyjaewt23432dsaf',10,8,1,2,3,5,'2019-04-14','2019-04-14','正常',''),(897,'题目1095',NULL,NULL,NULL,NULL,NULL,'vaerhgaerhreh',10,8,1,2,4,5,'2019-04-14','2019-04-14','正常',''),(898,'题目1096',NULL,NULL,NULL,NULL,NULL,'brhjyjaewt23432dsaf',10,8,1,2,4,5,'2019-04-14','2019-04-14','正常',''),(899,'题目1097',NULL,NULL,NULL,NULL,NULL,'brhjyjaewt23432dsaf',10,8,1,2,4,5,'2019-04-14','2019-04-14','正常',''),(900,'题目1098',NULL,NULL,NULL,NULL,NULL,'brhjyjaewt23432dsaf',10,8,1,2,5,5,'2019-04-14','2019-04-14','正常',''),(901,'题目1099',NULL,NULL,NULL,NULL,NULL,'vaerhgaerhreh',10,8,1,2,5,5,'2019-04-14','2019-04-14','正常',''),(902,'题目1100',NULL,NULL,NULL,NULL,NULL,'brhjyjaewt23432dsaf',10,8,1,2,5,5,'2019-04-14','2019-04-14','正常',''),(903,'题目1101',NULL,NULL,NULL,NULL,NULL,'vaerhgaerhreh',10,8,1,2,1,6,'2019-04-14','2019-04-14','正常',''),(904,'题目1102',NULL,NULL,NULL,NULL,NULL,'brhjyjaewt23432dsaf',10,8,1,2,1,6,'2019-04-14','2019-04-14','正常',''),(905,'题目1103',NULL,NULL,NULL,NULL,NULL,'brhjyjaewt23432dsaf',10,8,1,2,1,6,'2019-04-14','2019-04-14','正常',''),(906,'题目1104',NULL,NULL,NULL,NULL,NULL,'brhjyjaewt23432dsaf',10,8,1,2,2,6,'2019-04-14','2019-04-14','正常',''),(907,'题目1105',NULL,NULL,NULL,NULL,NULL,'vaerhgaerhreh',10,8,1,2,2,6,'2019-04-14','2019-04-14','正常',''),(908,'题目1106',NULL,NULL,NULL,NULL,NULL,'brhjyjaewt23432dsaf',10,8,1,2,2,6,'2019-04-14','2019-04-14','正常',''),(909,'题目1107',NULL,NULL,NULL,NULL,NULL,'vaerhgaerhreh',10,8,1,2,3,6,'2019-04-14','2019-04-14','正常',''),(910,'题目1108',NULL,NULL,NULL,NULL,NULL,'vaerhgaerhreh',10,8,1,2,3,6,'2019-04-14','2019-04-14','正常',''),(911,'题目1109',NULL,NULL,NULL,NULL,NULL,'brhjyjaewt23432dsaf',10,8,1,2,3,6,'2019-04-14','2019-04-14','正常',''),(912,'题目1110',NULL,NULL,NULL,NULL,NULL,'vaerhgaerhreh',10,8,1,2,4,6,'2019-04-14','2019-04-14','正常',''),(913,'题目1111',NULL,NULL,NULL,NULL,NULL,'brhjyjaewt23432dsaf',10,8,1,2,4,6,'2019-04-14','2019-04-14','正常',''),(914,'题目1112',NULL,NULL,NULL,NULL,NULL,'brhjyjaewt23432dsaf',10,8,1,2,4,6,'2019-04-14','2019-04-14','正常',''),(915,'题目1113',NULL,NULL,NULL,NULL,NULL,'brhjyjaewt23432dsaf',10,8,1,2,5,6,'2019-04-14','2019-04-14','正常',''),(916,'题目1114',NULL,NULL,NULL,NULL,NULL,'vaerhgaerhreh',10,8,1,2,5,6,'2019-04-14','2019-04-14','正常',''),(917,'题目1115',NULL,NULL,NULL,NULL,NULL,'brhjyjaewt23432dsaf',10,8,1,2,5,6,'2019-04-14','2019-04-14','正常',''),(918,'题目1116',NULL,NULL,NULL,NULL,NULL,'vaerhgaerhreh',10,8,1,2,1,7,'2019-04-14','2019-04-14','正常',''),(919,'题目1117',NULL,NULL,NULL,NULL,NULL,'brhjyjaewt23432dsaf',10,8,1,2,1,7,'2019-04-14','2019-04-14','正常',''),(920,'题目1118',NULL,NULL,NULL,NULL,NULL,'brhjyjaewt23432dsaf',10,8,1,2,1,7,'2019-04-14','2019-04-14','正常',''),(921,'题目1119',NULL,NULL,NULL,NULL,NULL,'brhjyjaewt23432dsaf',10,8,1,2,2,7,'2019-04-14','2019-04-14','正常',''),(922,'题目1120',NULL,NULL,NULL,NULL,NULL,'vaerhgaerhreh',10,8,1,2,2,7,'2019-04-14','2019-04-14','正常',''),(923,'题目1121',NULL,NULL,NULL,NULL,NULL,'brhjyjaewt23432dsaf',10,8,1,2,2,7,'2019-04-14','2019-04-14','正常',''),(924,'题目1122',NULL,NULL,NULL,NULL,NULL,'vaerhgaerhreh',10,8,1,2,3,7,'2019-04-14','2019-04-14','正常',''),(925,'题目1123',NULL,NULL,NULL,NULL,NULL,'vaerhgaerhreh',10,8,1,2,3,7,'2019-04-14','2019-04-14','正常',''),(926,'题目1124',NULL,NULL,NULL,NULL,NULL,'brhjyjaewt23432dsaf',10,8,1,2,3,7,'2019-04-14','2019-04-14','正常',''),(927,'题目1125',NULL,NULL,NULL,NULL,NULL,'vaerhgaerhreh',10,8,1,2,4,7,'2019-04-14','2019-04-14','正常',''),(928,'题目1126',NULL,NULL,NULL,NULL,NULL,'brhjyjaewt23432dsaf',10,8,1,2,4,7,'2019-04-14','2019-04-14','正常',''),(929,'题目1127',NULL,NULL,NULL,NULL,NULL,'brhjyjaewt23432dsaf',10,8,1,2,4,7,'2019-04-14','2019-04-14','正常',''),(930,'题目1128',NULL,NULL,NULL,NULL,NULL,'brhjyjaewt23432dsaf',10,8,1,2,5,7,'2019-04-14','2019-04-14','正常',''),(931,'题目1129',NULL,NULL,NULL,NULL,NULL,'vaerhgaerhreh',10,8,1,2,5,7,'2019-04-14','2019-04-14','正常',''),(932,'题目1130',NULL,NULL,NULL,NULL,NULL,'brhjyjaewt23432dsaf',10,8,1,2,5,7,'2019-04-14','2019-04-14','正常',''),(933,'题目1131',NULL,NULL,NULL,NULL,NULL,'错误',2,3,1,2,1,6,'2019-04-14','2019-04-14','正常',''),(934,'题目1132',NULL,NULL,NULL,NULL,NULL,'正确',2,3,1,2,1,6,'2019-04-14','2019-04-14','正常',''),(935,'题目1133',NULL,NULL,NULL,NULL,NULL,'正确',2,3,1,2,1,6,'2019-04-14','2019-04-14','正常',''),(936,'题目1134',NULL,NULL,NULL,NULL,NULL,'正确',2,3,1,2,2,6,'2019-04-14','2019-04-14','正常',''),(937,'题目1135',NULL,NULL,NULL,NULL,NULL,'错误',2,3,1,2,2,6,'2019-04-14','2019-04-14','正常',''),(938,'题目1136',NULL,NULL,NULL,NULL,NULL,'正确',2,3,1,2,2,6,'2019-04-14','2019-04-14','正常',''),(939,'题目1137',NULL,NULL,NULL,NULL,NULL,'错误',2,3,1,2,3,6,'2019-04-14','2019-04-14','正常',''),(940,'题目1138',NULL,NULL,NULL,NULL,NULL,'错误',2,3,1,2,3,6,'2019-04-14','2019-04-14','正常',''),(941,'题目1139',NULL,NULL,NULL,NULL,NULL,'正确',2,3,1,2,3,6,'2019-04-14','2019-04-14','正常',''),(942,'题目1140',NULL,NULL,NULL,NULL,NULL,'错误',2,3,1,2,4,6,'2019-04-14','2019-04-14','正常',''),(943,'题目1141',NULL,NULL,NULL,NULL,NULL,'正确',2,3,1,2,4,6,'2019-04-14','2019-04-14','正常',''),(944,'题目1142',NULL,NULL,NULL,NULL,NULL,'正确',2,3,1,2,4,6,'2019-04-14','2019-04-14','正常',''),(945,'题目1143',NULL,NULL,NULL,NULL,NULL,'正确',2,3,1,2,5,6,'2019-04-14','2019-04-14','正常',''),(946,'题目1144',NULL,NULL,NULL,NULL,NULL,'错误',2,3,1,2,5,6,'2019-04-14','2019-04-14','正常',''),(947,'题目1145',NULL,NULL,NULL,NULL,NULL,'正确',2,3,1,2,5,6,'2019-04-14','2019-04-14','正常',''),(948,'题目1146',NULL,NULL,NULL,NULL,NULL,'错误',2,3,1,2,1,7,'2019-04-14','2019-04-14','正常',''),(949,'题目1147',NULL,NULL,NULL,NULL,NULL,'正确',2,3,1,2,1,7,'2019-04-14','2019-04-14','正常',''),(950,'题目1148',NULL,NULL,NULL,NULL,NULL,'正确',2,3,1,2,1,7,'2019-04-14','2019-04-14','正常',''),(951,'题目1149',NULL,NULL,NULL,NULL,NULL,'正确',2,3,1,2,2,7,'2019-04-14','2019-04-14','正常',''),(952,'题目1150',NULL,NULL,NULL,NULL,NULL,'错误',2,3,1,2,2,7,'2019-04-14','2019-04-14','正常',''),(953,'题目1151',NULL,NULL,NULL,NULL,NULL,'正确',2,3,1,2,2,7,'2019-04-14','2019-04-14','正常',''),(954,'题目1152',NULL,NULL,NULL,NULL,NULL,'错误',2,3,1,2,3,7,'2019-04-14','2019-04-14','正常',''),(955,'题目1153',NULL,NULL,NULL,NULL,NULL,'错误',2,3,1,2,3,7,'2019-04-14','2019-04-14','正常',''),(956,'题目1154',NULL,NULL,NULL,NULL,NULL,'正确',2,3,1,2,3,7,'2019-04-14','2019-04-14','正常',''),(957,'题目1155',NULL,NULL,NULL,NULL,NULL,'错误',2,3,1,2,4,7,'2019-04-14','2019-04-14','正常',''),(958,'题目1156',NULL,NULL,NULL,NULL,NULL,'正确',2,3,1,2,4,7,'2019-04-14','2019-04-14','正常',''),(959,'题目1157',NULL,NULL,NULL,NULL,NULL,'正确',2,3,1,2,4,7,'2019-04-14','2019-04-14','正常',''),(960,'题目1158',NULL,NULL,NULL,NULL,NULL,'正确',2,3,1,2,5,7,'2019-04-14','2019-04-14','正常',''),(961,'题目1159',NULL,NULL,NULL,NULL,NULL,'错误',2,3,1,2,5,7,'2019-04-14','2019-04-14','正常',''),(962,'题目1160',NULL,NULL,NULL,NULL,NULL,'正确',2,3,1,2,5,7,'2019-04-14','2019-04-14','正常',''),(963,'题目1165','ada','asd','ssadq','qfq',NULL,'A',2,1,1,2,2,5,'2019-04-19','2019-04-19','正常','bz'),(964,'题目1166','asdf','qgf','wef','rgerg',NULL,'B',2,1,1,2,2,3,'2019-04-19','2019-04-19','正常','bz'),(965,'题目1167','afa','geh','jyj','sFa',NULL,'B',2,1,1,2,3,3,'2019-04-19','2019-04-19','正常','sad'),(966,'题目1168','qfgre','htrh','dvzd','wrew',NULL,'D',2,1,1,2,2,4,'2019-04-19','2019-04-19','正常','hrt'),(967,'题目1169','afef','rgw','weg','qwfq',NULL,'A,B',4,2,1,2,2,2,'2019-05-13','2019-05-13','正常',''),(968,'题目1170','ehgereh','eths','hsh','waef',NULL,'C,D',4,2,1,2,3,4,'2019-05-13','2019-05-13','正常','');

/*Table structure for table `tb_question_type` */

DROP TABLE IF EXISTS `tb_question_type`;

CREATE TABLE `tb_question_type` (
  `pk_id` int(11) NOT NULL auto_increment COMMENT '试题类型表主键id',
  `idx_name` varchar(20) collate utf8_unicode_ci default NULL COMMENT '题型名称',
  `idx_creator_id` int(11) default NULL COMMENT '题型创建者id',
  `create_time` date default NULL COMMENT '题型创建时间',
  `update_time` date default NULL COMMENT '题型修改时间',
  `status` varchar(20) collate utf8_unicode_ci default '正常' COMMENT '题型状态',
  `text` varchar(300) collate utf8_unicode_ci default NULL COMMENT '题型备注',
  PRIMARY KEY  (`pk_id`),
  KEY `idx_creator_id` (`idx_creator_id`),
  KEY `idx_name` (`idx_name`)
) ENGINE=InnoDB DEFAULT CHARSET=utf8 COLLATE=utf8_unicode_ci;

/*Data for the table `tb_question_type` */

insert  into `tb_question_type`(`pk_id`,`idx_name`,`idx_creator_id`,`create_time`,`update_time`,`status`,`text`) values (1,'单选题',1,'2019-04-14','2019-04-14','正常','单项选择，只有一个正确答案'),(2,'多选题',1,'2019-04-14','2019-04-14','正常','多项选择，存在多个正确答案'),(3,'判断题',1,'2019-04-14','2019-04-14','正常','对题目内容判断对错'),(4,'填空题',1,'2019-04-14','2019-04-14','正常','对题目进行填空'),(5,'简答题',1,'2019-04-14','2019-04-14','正常','对题目进行简要解答'),(6,'计算题',1,'2019-04-14','2019-04-14','正常','对题目内容进行计算解答'),(7,'思考题',1,'2019-04-14','2019-04-14','正常','对题目内容进行思考，表现自己想法'),(8,'主观题',1,'2019-04-14','2019-04-14','正常','区别于其他题型，请使用该题型');

/*Table structure for table `tb_role` */

DROP TABLE IF EXISTS `tb_role`;

CREATE TABLE `tb_role` (
  `pk_id` int(11) NOT NULL auto_increment COMMENT '角色表主键id',
  `uk_name` varchar(20) collate utf8_unicode_ci default NULL COMMENT '角色名称',
  `description` varchar(100) collate utf8_unicode_ci default NULL COMMENT '角色描述',
  `status` varchar(20) collate utf8_unicode_ci default '正常' COMMENT '角色状态',
  `text` varchar(300) collate utf8_unicode_ci default NULL COMMENT '角色备注',
  PRIMARY KEY  (`pk_id`),
  UNIQUE KEY `uk_name` (`uk_name`)
) ENGINE=InnoDB DEFAULT CHARSET=utf8 COLLATE=utf8_unicode_ci;

/*Data for the table `tb_role` */

insert  into `tb_role`(`pk_id`,`uk_name`,`description`,`status`,`text`) values (1,'管理员','管理网站一切事务','正常',NULL),(2,'教职工','负责题库管理','正常',NULL),(3,'学生','在线测试','正常',NULL);

/*Table structure for table `tb_role_authority` */

DROP TABLE IF EXISTS `tb_role_authority`;

CREATE TABLE `tb_role_authority` (
  `pk_id` int(11) NOT NULL auto_increment COMMENT '角色-权限关系表主键id',
  `role_id` int(11) default NULL COMMENT '角色id',
  `authority_id` int(11) default NULL COMMENT '权限id',
  PRIMARY KEY  (`pk_id`)
) ENGINE=InnoDB DEFAULT CHARSET=utf8 COLLATE=utf8_unicode_ci;

/*Data for the table `tb_role_authority` */

insert  into `tb_role_authority`(`pk_id`,`role_id`,`authority_id`) values (7,2,1),(8,2,2),(9,2,3),(10,2,4),(11,2,5),(12,2,6),(13,2,7),(14,2,8),(15,2,9),(16,2,10),(17,3,11),(18,3,12),(19,3,13),(20,1,1),(21,1,2),(22,1,3),(23,1,4),(24,1,6),(25,1,8),(26,1,14),(27,1,15),(28,1,16),(29,1,17);

/*Table structure for table `tb_subject` */

DROP TABLE IF EXISTS `tb_subject`;

CREATE TABLE `tb_subject` (
  `pk_id` int(11) NOT NULL auto_increment COMMENT '学科表主键id',
  `idx_name` varchar(20) collate utf8_unicode_ci default NULL COMMENT '学科名称',
  `idx_creator_id` int(11) default NULL COMMENT '学科创建者id',
  `idx_type_ids` varchar(50) collate utf8_unicode_ci default NULL COMMENT '拥有题型的id字符串',
  `max_chapter` int(4) default '20' COMMENT '该学科最大章节',
  `create_time` date default NULL COMMENT '学科创建时间',
  `update_time` date default NULL COMMENT '学科更新时间',
  `status` varchar(20) collate utf8_unicode_ci default '正常' COMMENT '学科状态',
  `text` varchar(300) collate utf8_unicode_ci default NULL COMMENT '学科备注',
  PRIMARY KEY  (`pk_id`),
  KEY `idx_creator_id` (`idx_creator_id`),
  KEY `idx_name` (`idx_name`)
) ENGINE=InnoDB DEFAULT CHARSET=utf8 COLLATE=utf8_unicode_ci;

/*Data for the table `tb_subject` */

insert  into `tb_subject`(`pk_id`,`idx_name`,`idx_creator_id`,`idx_type_ids`,`max_chapter`,`create_time`,`update_time`,`status`,`text`) values (1,'英语',2,'1,2,3,4,5,6,7,8',15,'2019-04-14','2019-04-14','正常','英语课'),(2,'数学',2,'1,2,3,4,5,6',12,'2019-04-14','2019-04-14','正常','数学课'),(3,'语文',2,'1,2,3,4,5,6,7,8',15,'2019-04-14','2019-04-14','正常','语文课');

/*Table structure for table `tb_user` */

DROP TABLE IF EXISTS `tb_user`;

CREATE TABLE `tb_user` (
  `pk_id` int(11) NOT NULL auto_increment COMMENT '用户表主键id',
  `uk_account` varchar(15) collate utf8_unicode_ci default NULL COMMENT '用户账号',
  `password` varchar(20) collate utf8_unicode_ci default NULL COMMENT '用户密码',
  `idx_name` varchar(30) collate utf8_unicode_ci default NULL COMMENT '用户名字',
  `role_id` int(11) default NULL COMMENT '用户所属角色id',
  `age` int(4) default NULL COMMENT '用户年龄',
  `sex` varchar(10) collate utf8_unicode_ci default NULL COMMENT '用户性别',
  `phone` varchar(15) collate utf8_unicode_ci default NULL COMMENT '用户电话',
  `create_time` date default NULL COMMENT '用户创建时间',
  `update_time` date default NULL COMMENT '用户更新时间',
  `status` varchar(20) collate utf8_unicode_ci default '正常' COMMENT '用户状态',
  `text` varchar(300) collate utf8_unicode_ci default NULL COMMENT '用户备注',
  PRIMARY KEY  (`pk_id`),
  UNIQUE KEY `uk_account` (`uk_account`),
  KEY `idx_name` (`idx_name`)
) ENGINE=InnoDB DEFAULT CHARSET=utf8 COLLATE=utf8_unicode_ci;

/*Data for the table `tb_user` */

insert  into `tb_user`(`pk_id`,`uk_account`,`password`,`idx_name`,`role_id`,`age`,`sex`,`phone`,`create_time`,`update_time`,`status`,`text`) values (1,'123456','123457','管理员1',1,32,'男','11111111111','2019-02-28','2019-02-28','正常','备注'),(2,'123457','123456','教师1',2,30,'男','11111111111','2019-03-07','2019-03-07','正常',NULL),(3,'123458','123456','学生1',3,20,'女','22222222222','2019-03-07','2019-03-07','正常',NULL),(4,'123459','123456','教师2',2,22,'女','33333333333','2019-03-07','2019-03-07','正常',NULL),(5,'123678','123456','学生2',3,22,'男','15648294655','2019-04-04','2019-05-08','正常',''),(6,'111111','123456','阿达',3,22,'男','11111111111','2019-05-10','2019-05-10','正常','撒大声地'),(7,'222222','123456','阿达是',3,22,'男','11111111111','2019-05-10','2019-05-10','正常','撒大声地'),(8,'444444','123456','阿达是',3,22,'男','11111111111','2019-05-11','2019-05-11','正常','撒大声地'),(9,'555555','123456','阿达是',3,22,'男','11111111111','2019-05-11','2019-05-11','正常','撒大声地'),(14,'987654','123456','小明',3,22,'男','15836547956','2019-06-01','2019-06-01','正常','这是刚刚添加的');

/*!40101 SET SQL_MODE=@OLD_SQL_MODE */;
/*!40014 SET FOREIGN_KEY_CHECKS=@OLD_FOREIGN_KEY_CHECKS */;
/*!40014 SET UNIQUE_CHECKS=@OLD_UNIQUE_CHECKS */;
/*!40111 SET SQL_NOTES=@OLD_SQL_NOTES */;
